model,band,draw,threshold,n_edges,total_edges,size_fraction,base_accuracy,base_top5_accuracy,base_top10_accuracy,base_mean_correct_prob,circuit_accuracy,circuit_top5_accuracy,circuit_top10_accuracy,circuit_mean_correct_prob,circuit_kl_div,ablation_accuracy,ablation_top5_accuracy,ablation_top10_accuracy,ablation_mean_correct_prob,ablation_kl_div,retention_ratio,completeness,top1_top5_gap,frequency_rank,necessity_pass,training_time_seconds
pythia-70m,low,draw_1,0.00158,380,1324,0.28700906344410876,0.28444444444444444,0.4444444444444444,0.5111111111111111,0.1008112996596967,0.2088888888888889,0.36444444444444446,0.40444444444444444,0.06728505480875437,0.2487964630126953,0.0,0.0,0.0,1.7345766446580492e-05,3.299431562423706,0.734375,1.0,0.15555555555555556,1.0,True,81.61219882965088
pythia-70m,low,draw_2,0.00158,396,1324,0.2990936555891239,0.36,0.5244444444444445,0.5555555555555556,0.13608967401258762,0.3111111111111111,0.4577777777777778,0.4888888888888889,0.10688475428450304,0.22497345507144928,0.0,0.0044444444444444444,0.0044444444444444444,0.00010856340717311089,3.638824939727783,0.8641975308641976,1.0,0.14666666666666667,1.0,True,80.40988731384277
pythia-70m,low,draw_3,0.00158,391,1324,0.29531722054380666,0.2577777777777778,0.39555555555555555,0.4711111111111111,0.0991126681231686,0.2088888888888889,0.35555555555555557,0.38666666666666666,0.07068353271303658,0.21446511149406433,0.0,0.0,0.0,2.0147136778476927e-05,3.4178121089935303,0.810344827586207,1.0,0.14666666666666667,1.0,True,81.08619093894958
pythia-70m,medium,draw_1,0.00158,395,1324,0.2983383685800604,0.4222222222222222,0.5777777777777777,0.6311111111111111,0.170893516682791,0.38666666666666666,0.49333333333333335,0.5555555555555556,0.13090570182688807,0.24423150718212128,0.0,0.0,0.0,3.1680535143323706e-05,4.061990737915039,0.9157894736842105,1.0,0.10666666666666669,2.0,True,81.14825344085693
pythia-70m,medium,draw_2,0.00158,392,1324,0.29607250755287007,0.40444444444444444,0.5688888888888889,0.6177777777777778,0.1668682542128843,0.3422222222222222,0.48,0.52,0.11296545604410078,0.2511306703090668,0.0,0.0,0.0,6.587700402240672e-05,3.9696390628814697,0.8461538461538461,1.0,0.13777777777777778,2.0,True,80.87064599990845
pythia-70m,medium,draw_3,0.00158,406,1324,0.3066465256797583,0.37333333333333335,0.5244444444444445,0.5466666666666666,0.15395668593047426,0.31555555555555553,0.4266666666666667,0.4666666666666667,0.11463150481006168,0.22990524768829346,0.0,0.0,0.0044444444444444444,8.435519640987198e-05,3.73156476020813,0.8452380952380951,1.0,0.11111111111111116,2.0,True,80.46997117996216
pythia-70m,high,draw_1,0.00158,414,1324,0.31268882175226587,0.4577777777777778,0.5955555555555555,0.6311111111111111,0.20911492377881485,0.37777777777777777,0.52,0.5644444444444444,0.14982667194557406,0.2822001278400421,0.0,0.0,0.0,0.00013354444806353962,4.166972637176514,0.8252427184466019,1.0,0.14222222222222225,3.0,True,81.24958944320679
pythia-70m,high,draw_2,0.00158,405,1324,0.30589123867069484,0.5333333333333333,0.6977777777777778,0.7511111111111111,0.2038787551692844,0.40444444444444444,0.6133333333333333,0.6888888888888889,0.1433989974624617,0.3076956272125244,0.0,0.0,0.0,0.000127037922209734,4.076252460479736,0.7583333333333333,1.0,0.20888888888888885,3.0,True,80.43540716171265
pythia-70m,high,draw_3,0.00158,431,1324,0.3255287009063444,0.5155555555555555,0.6488888888888888,0.6888888888888889,0.1954730470451932,0.4666666666666667,0.6222222222222222,0.6577777777777778,0.16505386755263265,0.2252688854932785,0.0,0.0,0.0,0.00012287748987129416,4.221240997314453,0.9051724137931035,1.0,0.15555555555555556,3.0,True,80.76828289031982
pythia-70m,very_high,draw_1,0.00158,424,1324,0.3202416918429003,0.6533333333333333,0.7911111111111111,0.8355555555555556,0.26211252286870756,0.5377777777777778,0.7377777777777778,0.7866666666666666,0.19881378534466218,0.2377515435218811,0.0,0.0,0.0,0.0002563113010337759,4.420524597167969,0.8231292517006803,1.0,0.19999999999999996,4.0,True,80.7143976688385
pythia-70m,very_high,draw_2,0.00158,417,1324,0.3149546827794562,0.6488888888888888,0.8133333333333334,0.8311111111111111,0.28177048009979544,0.52,0.68,0.7511111111111111,0.20497651921963955,0.2692679464817047,0.0,0.0,0.0,0.0003257169727475784,4.347933292388916,0.8013698630136987,1.0,0.16000000000000003,4.0,True,80.99882078170776
pythia-70m,very_high,draw_3,0.00158,417,1324,0.3149546827794562,0.7066666666666667,0.8266666666666667,0.8622222222222222,0.30203613068747576,0.5911111111111111,0.7422222222222222,0.7777777777777778,0.2228055720475883,0.2597566843032837,0.0,0.0044444444444444444,0.0044444444444444444,0.0004292210124298463,4.4196624755859375,0.8364779874213837,1.0,0.15111111111111108,4.0,True,80.40223169326782
pythia-70m,control,draw_1,0.00158,435,1324,0.3285498489425982,0.5955555555555555,0.7955555555555556,0.84,0.22581108712009862,0.5111111111111111,0.7022222222222222,0.7688888888888888,0.1877014039282767,0.27525433897972107,0.0,0.0,0.0,0.00017885124515157398,4.068204402923584,0.8582089552238806,1.0,0.19111111111111112,,True,81.16767740249634
pythia-70m,control,draw_2,0.00158,410,1324,0.30966767371601206,0.56,0.7422222222222222,0.7866666666666666,0.24513468120335447,0.5244444444444445,0.6711111111111111,0.7244444444444444,0.20913250628346558,0.2333398163318634,0.0,0.0044444444444444444,0.0044444444444444444,0.00022584861958279505,4.483119487762451,0.9365079365079365,1.0,0.1466666666666666,,True,80.56007289886475
pythia-70m,control,draw_3,0.00158,426,1324,0.3217522658610272,0.6311111111111111,0.7866666666666666,0.8266666666666667,0.26060410890490554,0.5422222222222223,0.7644444444444445,0.8088888888888889,0.21924992167590973,0.26241251826286316,0.0,0.0,0.0,0.00023567109902062258,4.337664604187012,0.859154929577465,1.0,0.2222222222222222,,True,81.03415584564209
pythia-160m,low,draw_1,0.000631,1463,11467,0.1275835004796372,0.9244444444444444,0.9911111111111112,1.0,0.40664153397911124,0.8755555555555555,0.9644444444444444,0.9777777777777777,0.3369343391200528,0.30963048338890076,0.0,0.0,0.0,3.339232625887373e-05,5.246500015258789,0.9471153846153846,1.0,0.0888888888888889,1.0,True,2560.2055609226227
pythia-160m,low,draw_2,0.000631,1483,11467,0.12932763582454,0.9333333333333333,0.9955555555555555,0.9955555555555555,0.41268987488932907,0.8977777777777778,0.9777777777777777,0.9822222222222222,0.37444855731342813,0.2935936450958252,0.0,0.0,0.0,4.4616661893239024e-05,5.233504772186279,0.9619047619047619,1.0,0.07999999999999996,1.0,True,2560.496281862259
pythia-160m,low,draw_3,0.000631,1408,11467,0.12278712828115462,0.9288888888888889,0.9866666666666667,0.9955555555555555,0.4233712222861747,0.8977777777777778,0.9688888888888889,0.9866666666666667,0.32786666793127855,0.3120543360710144,0.0,0.0,0.0,4.789840919083114e-05,5.213798999786377,0.9665071770334929,1.0,0.07111111111111112,1.0,True,1969.286898612976
pythia-160m,medium,draw_1,0.000631,1446,11467,0.12610098543646986,0.9555555555555556,1.0,1.0,0.45685618015627066,0.9155555555555556,0.9955555555555555,1.0,0.4109990031727486,0.29367750883102417,0.0,0.0,0.0,6.820679908704126e-05,5.306859970092773,0.958139534883721,1.0,0.07999999999999996,2.0,True,2556.3155455589294
pythia-160m,medium,draw_2,0.000631,1513,11467,0.13194383884189412,0.96,1.0,1.0,0.45761598655747043,0.9244444444444444,0.9866666666666667,0.9911111111111112,0.41365339236644405,0.29229846596717834,0.0,0.0,0.0,9.846366129775359e-05,5.143143653869629,0.9629629629629629,1.0,0.06222222222222229,2.0,True,2560.5875980854034
pythia-160m,medium,draw_3,0.000631,1475,11467,0.12862998168657888,0.9555555555555556,0.9822222222222222,0.9955555555555555,0.4583518081924154,0.8933333333333333,0.9733333333333334,0.9911111111111112,0.4067286523814417,0.27565640211105347,0.0,0.0,0.0,9.020446198317384e-05,5.180262088775635,0.9348837209302325,1.0,0.08000000000000007,2.0,True,1968.211389541626
pythia-160m,high,draw_1,0.000631,1360,11467,0.11860120345338798,0.9688888888888889,0.9911111111111112,1.0,0.5052217386807832,0.9111111111111111,0.9777777777777777,0.9777777777777777,0.4224399949537797,0.31541189551353455,0.0,0.0,0.0044444444444444444,0.00031057217530840517,5.05312967300415,0.9403669724770641,1.0,0.06666666666666665,3.0,True,2564.409740924835
pythia-160m,high,draw_2,0.000631,1454,11467,0.12679863957443097,0.96,1.0,1.0,0.5085489235073328,0.9333333333333333,0.9866666666666667,0.9955555555555555,0.42712341307765905,0.3136653006076813,0.0,0.0044444444444444444,0.0044444444444444444,0.0003285110171034628,5.069313049316406,0.9722222222222223,1.0,0.053333333333333344,3.0,True,2563.504224061966
pythia-160m,high,draw_3,0.000631,1385,11467,0.12078137263451644,0.9511111111111111,0.9955555555555555,0.9955555555555555,0.5074280625830094,0.9244444444444444,0.9688888888888889,0.9866666666666667,0.4784175016399887,0.2708108723163605,0.0044444444444444444,0.0044444444444444444,0.0044444444444444444,0.0003810146319940739,5.057910919189453,0.9719626168224298,0.9955555555555555,0.04444444444444451,3.0,True,1968.9300634860992
pythia-160m,very_high,draw_1,0.000631,1358,11467,0.11842678991889771,0.9733333333333334,1.0,1.0,0.561537106529706,0.9644444444444444,1.0,1.0,0.5285146881805526,0.2621532678604126,0.0,0.013333333333333334,0.017777777777777778,0.0008729451355338943,4.892047882080078,0.9908675799086757,1.0,0.03555555555555556,4.0,True,2571.62002658844
pythia-160m,very_high,draw_2,0.000631,1306,11467,0.11389203802215052,0.9688888888888889,1.0,1.0,0.5468449862052996,0.9377777777777778,0.9866666666666667,0.9955555555555555,0.48257948000139245,0.2730286121368408,0.0,0.013333333333333334,0.017777777777777778,0.0008961487959843201,4.693145751953125,0.9678899082568807,1.0,0.04888888888888887,4.0,True,2568.5074501037598
pythia-160m,very_high,draw_3,0.000631,1330,11467,0.11598500043603384,0.9644444444444444,1.0,1.0,0.5325090324671732,0.9511111111111111,0.9911111111111112,1.0,0.4780094781642159,0.3031104803085327,0.0,0.0,0.0,0.0006141734873330683,4.639321804046631,0.9861751152073733,1.0,0.040000000000000036,4.0,True,1968.7236495018005
pythia-160m,control,draw_1,0.000631,1392,11467,0.12139182000523241,0.9866666666666667,1.0,1.0,0.5169803247186873,0.9244444444444444,0.9777777777777777,0.9911111111111112,0.43776240545428463,0.3004647493362427,0.0,0.0,0.0,0.00037121089427466183,4.932335376739502,0.9369369369369369,1.0,0.053333333333333344,,True,2560.3520481586456
pythia-160m,control,draw_2,0.000631,1380,11467,0.12034533879829075,0.9733333333333334,1.0,1.0,0.5172031994991833,0.9377777777777778,0.9911111111111112,0.9911111111111112,0.44803173474139635,0.290813684463501,0.0,0.0,0.0,0.00037657709500308554,4.972594738006592,0.9634703196347032,1.0,0.053333333333333344,,True,2561.0153815746307
pythia-160m,control,draw_3,0.000631,1345,11467,0.1172931019447109,0.9733333333333334,0.9955555555555555,1.0,0.5098680631423163,0.9466666666666667,0.9866666666666667,0.9911111111111112,0.48977300831530657,0.2788732349872589,0.0,0.0,0.0044444444444444444,0.0004342150931329848,4.7695465087890625,0.9726027397260273,1.0,0.040000000000000036,,True,1969.3014342784882
pythia-410m,low,draw_1,0.000251,3957,80581,0.0491058686290813,0.9777777777777777,1.0,1.0,0.5996535450716813,0.9377777777777778,0.9911111111111112,0.9955555555555555,0.4721582602838882,0.3796885013580322,0.0,0.0,0.0,8.551032830319451e-05,6.4193525314331055,0.9590909090909092,1.0,0.053333333333333344,1.0,True,34467.88498735428
pythia-410m,low,draw_2,0.000251,3848,80581,0.04775319243990519,0.9822222222222222,1.0,1.0,0.6482912620405356,0.9422222222222222,0.9822222222222222,0.9911111111111112,0.4742647956073698,0.45597875118255615,0.0,0.0,0.0,8.195311981984963e-05,6.83311128616333,0.9592760180995474,1.0,0.040000000000000036,1.0,True,34483.47492027283
pythia-410m,low,draw_3,0.000251,4122,80581,0.05115349772278825,0.9866666666666667,1.0,1.0,0.6203534630189339,0.96,0.9955555555555555,0.9955555555555555,0.5591009835505651,0.3227486312389374,0.0,0.0,0.0,0.00010013231133453045,6.5761895179748535,0.9729729729729729,1.0,0.03555555555555556,1.0,True,33313.730125665665
pythia-410m,medium,draw_1,0.000251,3809,80581,0.04726920738139263,0.9911111111111112,1.0,1.0,0.5878088428742356,0.9777777777777777,1.0,1.0,0.5176801496909724,0.2956857681274414,0.0,0.0,0.0,0.00016625517621498097,5.722465991973877,0.9865470852017937,1.0,0.022222222222222254,2.0,True,34371.17694401741
pythia-410m,medium,draw_2,0.000251,3709,80581,0.04602822005187327,0.9777777777777777,0.9955555555555555,0.9955555555555555,0.5542496593420704,0.9822222222222222,0.9955555555555555,0.9955555555555555,0.4671750341014316,0.32284730672836304,0.0044444444444444444,0.0044444444444444444,0.0044444444444444444,0.00031273600311326137,5.444262981414795,1.0045454545454546,0.9955555555555555,0.013333333333333308,2.0,True,34459.6124663353
pythia-410m,medium,draw_3,0.000251,3920,80581,0.04864670331715913,0.9911111111111112,1.0,1.0,0.5758409050934844,0.9644444444444444,0.9955555555555555,0.9955555555555555,0.4764425334479246,0.29268622398376465,0.0,0.0,0.0,0.00017480806749770435,5.539407253265381,0.9730941704035874,1.0,0.03111111111111109,2.0,True,33318.52868771553
pythia-410m,high,draw_1,0.000251,3480,80581,0.04318635906727392,0.9911111111111112,1.0,1.0,0.5613615916338232,0.9688888888888889,0.9955555555555555,0.9955555555555555,0.5084006221380292,0.31803828477859497,0.0,0.008888888888888889,0.008888888888888889,0.0005456919484800851,4.728821754455566,0.9775784753363228,1.0,0.026666666666666616,3.0,True,34462.69925403595
pythia-410m,high,draw_2,0.000251,3483,80581,0.0432235886871595,0.9911111111111112,0.9955555555555555,0.9955555555555555,0.5678719812124554,0.9555555555555556,0.9866666666666667,0.9955555555555555,0.48652564466077214,0.22802148759365082,0.0,0.0,0.0044444444444444444,0.00049093433921573,4.628474712371826,0.9641255605381166,1.0,0.03111111111111109,3.0,True,34430.55851864815
pythia-410m,high,draw_3,0.000251,3379,80581,0.04193296186445936,0.9955555555555555,1.0,1.0,0.5632475663390425,0.9777777777777777,0.9955555555555555,1.0,0.46394302123950587,0.27852538228034973,0.0,0.0,0.0,0.00048092331460793504,4.6590776443481445,0.9821428571428571,1.0,0.01777777777777778,3.0,True,33322.623552560806
pythia-410m,very_high,draw_1,0.000251,3131,80581,0.038855313287251336,0.9822222222222222,1.0,1.0,0.534307011100981,0.9555555555555556,0.9866666666666667,0.9955555555555555,0.4272918336672915,0.320374459028244,0.0,0.013333333333333334,0.02666666666666667,0.001389421590631375,3.8193445205688477,0.9728506787330318,1.0,0.03111111111111109,4.0,True,34434.32170629501
pythia-410m,very_high,draw_2,0.000251,3476,80581,0.04313671957409315,0.9955555555555555,1.0,1.0,0.5137960833973355,0.9555555555555556,0.9866666666666667,1.0,0.43864552484411334,0.31945592164993286,0.0,0.022222222222222223,0.035555555555555556,0.0014798043510018033,3.577214002609253,0.9598214285714286,1.0,0.03111111111111109,4.0,True,18220.676887750626
pythia-410m,very_high,draw_3,0.000251,3280,80581,0.04070438440823519,0.9955555555555555,1.0,1.0,0.5304606971641381,0.9777777777777777,0.9911111111111112,0.9911111111111112,0.41891250318123235,0.31623929738998413,0.0,0.013333333333333334,0.022222222222222223,0.00125907529564251,3.7358431816101074,0.9821428571428571,1.0,0.01333333333333342,4.0,True,33351.705575466156
pythia-410m,control,draw_1,0.000251,3425,80581,0.04250381603603827,0.9911111111111112,1.0,1.0,0.509243270204299,0.9644444444444444,0.9955555555555555,1.0,0.40945577109232545,0.3211907148361206,0.0,0.0,0.017777777777777778,0.0007585644610202912,4.0629706382751465,0.9730941704035874,1.0,0.03111111111111109,,True,34400.60248756409
pythia-410m,control,draw_2,0.000251,3317,80581,0.04116354972015736,0.9911111111111112,1.0,1.0,0.5203929616842005,0.9644444444444444,0.9955555555555555,0.9955555555555555,0.4164749483940088,0.33078327775001526,0.0044444444444444444,0.0044444444444444444,0.0044444444444444444,0.0008569734580952274,4.131669521331787,0.9730941704035874,0.9955555555555555,0.03111111111111109,,True,33318.885127067566
pythia-410m,control,draw_3,0.000251,3382,80581,0.04197019148434494,0.9866666666666667,1.0,1.0,0.5480385847058561,0.9777777777777777,0.9911111111111112,0.9955555555555555,0.46962013725657015,0.2991999685764313,0.0,0.0,0.0044444444444444444,0.0008221848884583475,4.186805248260498,0.990990990990991,1.0,0.01333333333333342,,True,33308.161194086075
pythia-1b,low,draw_1,0.00158,972,10009,0.09711259866120492,0.9733333333333334,0.9911111111111112,1.0,0.6486520578339696,0.8577777777777778,0.9733333333333334,0.9733333333333334,0.4549414214315928,0.6977086067199707,0.0,0.0,0.0,6.668400106949295e-05,6.84472131729126,0.8812785388127853,1.0,0.11555555555555563,1.0,True,5247.774793148041
pythia-1b,low,draw_2,0.00158,952,10009,0.0951143970426616,0.9777777777777777,0.9911111111111112,0.9955555555555555,0.6964178396290582,0.9377777777777778,0.9911111111111112,0.9911111111111112,0.5660179208369098,0.5552815794944763,0.0,0.0,0.0,7.474337194758441e-05,7.303653240203857,0.9590909090909092,1.0,0.053333333333333344,1.0,True,5246.937960147858
pythia-1b,low,draw_3,0.00158,978,10009,0.09771205914676791,0.9777777777777777,0.9911111111111112,1.0,0.6642585176891751,0.92,0.9866666666666667,0.9911111111111112,0.5748797462160473,0.6099830865859985,0.0,0.0,0.0,6.830447111174939e-05,6.971181392669678,0.940909090909091,1.0,0.06666666666666665,1.0,True,4047.6318802833557
pythia-1b,medium,draw_1,0.00158,904,10009,0.09031871315815766,0.9955555555555555,0.9955555555555555,0.9955555555555555,0.7119618662158609,0.9466666666666667,0.9866666666666667,0.9911111111111112,0.5310646339873266,0.5399011373519897,0.0,0.0,0.0,0.00013141397099906903,6.879176139831543,0.9508928571428572,1.0,0.040000000000000036,2.0,True,5220.158110618591
pythia-1b,medium,draw_2,0.00158,1007,10009,0.10060945149365572,0.9777777777777777,1.0,1.0,0.6889884225403269,0.9288888888888889,0.9911111111111112,0.9955555555555555,0.5734435796209921,0.5246813893318176,0.0,0.0,0.0,0.00014331062697105305,6.736072063446045,0.9500000000000001,1.0,0.06222222222222229,2.0,True,5210.084692239761
pythia-1b,medium,draw_3,0.00158,900,10009,0.089919072834449,0.9955555555555555,1.0,1.0,0.6768700501653884,0.9288888888888889,0.9866666666666667,0.9866666666666667,0.531962511018436,0.5699511170387268,0.0,0.0,0.0,0.000145283489004113,6.535181999206543,0.9330357142857143,1.0,0.05777777777777782,2.0,True,4048.4995052814484
pythia-1b,high,draw_1,0.00158,1002,10009,0.10010990108901988,0.9822222222222222,1.0,1.0,0.6321504560361306,0.9155555555555556,0.9866666666666667,0.9911111111111112,0.49966870501016575,0.5099473595619202,0.0,0.0,0.0,0.00042907179384933945,5.346421241760254,0.9321266968325792,1.0,0.07111111111111112,3.0,True,5209.573364496231
pythia-1b,high,draw_2,0.00158,902,10009,0.09011889299630332,1.0,1.0,1.0,0.6756125281751156,0.9422222222222222,0.9822222222222222,0.9866666666666667,0.569808676761782,0.44052353501319885,0.0,0.0,0.0044444444444444444,0.0004116224115523437,5.676985740661621,0.9422222222222222,1.0,0.040000000000000036,3.0,True,5245.832614660263
pythia-1b,high,draw_3,0.00158,945,10009,0.09441502647617145,0.9866666666666667,0.9955555555555555,1.0,0.6723688594996929,0.9511111111111111,0.9911111111111112,0.9955555555555555,0.6036343111315121,0.4479084014892578,0.0,0.0,0.0,0.00036423545317423606,5.6457343101501465,0.963963963963964,1.0,0.040000000000000036,3.0,True,4067.2597658634186
pythia-1b,very_high,draw_1,0.00158,817,10009,0.08162653611749425,0.9866666666666667,1.0,1.0,0.5815671476225058,0.9288888888888889,0.9777777777777777,0.9822222222222222,0.4249226952685664,0.5041481852531433,0.0,0.008888888888888889,0.022222222222222223,0.000952709185664086,4.372128963470459,0.9414414414414414,1.0,0.04888888888888887,4.0,True,5215.531865358353
pythia-1b,very_high,draw_2,0.00158,911,10009,0.09101808372464781,0.9911111111111112,1.0,1.0,0.6167628332641389,0.9466666666666667,0.9955555555555555,1.0,0.4725354749833544,0.4560651481151581,0.0044444444444444444,0.0044444444444444444,0.0044444444444444444,0.000960616846213169,4.515535354614258,0.9551569506726457,0.9955555555555555,0.04888888888888887,4.0,True,4041.388770341873
pythia-1b,very_high,draw_3,0.00158,812,10009,0.08112698571285842,0.9955555555555555,1.0,1.0,0.5803758086305526,0.9333333333333333,0.9822222222222222,0.9866666666666667,0.478205791345487,0.480319619178772,0.0,0.0,0.008888888888888889,0.0008842847744803192,4.309576511383057,0.9375,1.0,0.04888888888888887,4.0,True,4068.1406710147858
pythia-1b,control,draw_1,0.00158,928,10009,0.09271655510040963,0.9866666666666667,1.0,1.0,0.6104180916895469,0.9422222222222222,0.9822222222222222,0.9866666666666667,0.47915719053811495,0.5651128888130188,0.0,0.0,0.0,0.0005178367627925379,4.956254482269287,0.9549549549549549,1.0,0.040000000000000036,,True,5246.939487695694
pythia-1b,control,draw_2,0.00158,823,10009,0.08222599660305725,0.9955555555555555,1.0,1.0,0.6253951636287901,0.9377777777777778,0.9866666666666667,0.9955555555555555,0.4934988881068097,0.518681526184082,0.0,0.0,0.0044444444444444444,0.0005571877951489215,5.119754791259766,0.9419642857142858,1.0,0.04888888888888887,,True,4042.4544060230255
pythia-1b,control,draw_3,0.00158,870,10009,0.08692177040663403,0.9866666666666667,1.0,1.0,0.6365445213350984,0.9422222222222222,0.9866666666666667,0.9955555555555555,0.5419881422238217,0.4286583960056305,0.0,0.0044444444444444444,0.013333333333333334,0.0006837126159659116,5.050905227661133,0.9549549549549549,1.0,0.04444444444444451,,True,4051.623375892639
pythia-1.4b,low,draw_1,0.000631,2507,80581,0.031111552351050495,0.9466666666666667,1.0,1.0,0.5388193902745843,0.8177777777777778,0.9555555555555556,0.9688888888888889,0.40188950584787464,0.5810007452964783,0.0,0.0044444444444444444,0.0044444444444444444,0.0001253160339721641,5.628305435180664,0.863849765258216,1.0,0.13777777777777778,1.0,True,49942.30018258095
pythia-1.4b,low,draw_2,0.000631,2589,80581,0.032129161961256376,0.9688888888888889,0.9955555555555555,0.9955555555555555,0.5839033646384875,0.8044444444444444,0.96,0.9777777777777777,0.32533819511688006,0.7107469439506531,0.0,0.0,0.0044444444444444444,0.000124107250706705,5.988682746887207,0.8302752293577981,1.0,0.15555555555555556,1.0,True,50154.15454697609
pythia-1.4b,low,draw_3,0.000631,2604,80581,0.032315310060684284,0.96,1.0,1.0,0.5533795586269763,0.7733333333333333,0.9333333333333333,0.96,0.41709276451270044,0.6475886106491089,0.0,0.0044444444444444444,0.0044444444444444444,0.00012519520044365764,5.758875370025635,0.8055555555555556,1.0,0.16000000000000003,1.0,True,49931.739845752716
pythia-1.4b,medium,draw_1,0.000631,2551,80581,0.03165758677603902,0.9688888888888889,0.9911111111111112,0.9955555555555555,0.5340934714799126,0.8444444444444444,0.9733333333333334,0.9866666666666667,0.36904148143121146,0.6263484358787537,0.0,0.0,0.0,0.0001629005233369993,5.120333194732666,0.8715596330275229,1.0,0.12888888888888894,2.0,True,50128.2979285717
pythia-1.4b,medium,draw_2,0.000631,2451,80581,0.03041659944651965,0.9733333333333334,0.9911111111111112,1.0,0.5665293139902254,0.8622222222222222,0.9822222222222222,0.9822222222222222,0.4011054757930752,0.5268613696098328,0.0,0.0,0.0044444444444444444,0.00017370087561207332,5.423409938812256,0.8858447488584474,1.0,0.12,2.0,True,49854.67996144295
pythia-1.4b,medium,draw_3,0.000631,2453,80581,0.03044141919311004,0.9688888888888889,0.9955555555555555,1.0,0.5652063192427158,0.8711111111111111,0.9688888888888889,0.9777777777777777,0.38674140000845203,0.5460251569747925,0.0,0.0,0.0,0.00019035032194197912,5.335555076599121,0.8990825688073394,1.0,0.09777777777777785,2.0,True,50121.03813481331
pythia-1.4b,high,draw_1,0.000631,2162,80581,0.026830146064208686,0.9777777777777777,1.0,1.0,0.532564741604858,0.8844444444444445,0.9911111111111112,0.9911111111111112,0.3910047067158545,0.5201826691627502,0.0,0.0044444444444444444,0.0044444444444444444,0.0005162590327886897,4.335370063781738,0.9045454545454547,1.0,0.10666666666666669,3.0,True,49852.280435562134
pythia-1.4b,high,draw_2,0.000631,2182,80581,0.02707834353011256,0.9911111111111112,0.9955555555555555,0.9955555555555555,0.5600835293742259,0.9155555555555556,0.9911111111111112,0.9955555555555555,0.458267180231568,0.5084291696548462,0.0044444444444444444,0.008888888888888889,0.013333333333333334,0.000546159075102979,4.525156021118164,0.9237668161434978,0.9955555555555555,0.0755555555555556,3.0,True,49936.506400585175
pythia-1.4b,high,draw_3,0.000631,2121,80581,0.026321341259105745,1.0,1.0,1.0,0.5556183637678623,0.8844444444444445,0.9866666666666667,0.9866666666666667,0.34682712722931885,0.5923548936843872,0.0,0.0,0.0,0.00046380500296638476,4.441776752471924,0.8844444444444445,1.0,0.10222222222222221,3.0,True,49893.94826292992
pythia-1.4b,very_high,draw_1,0.000631,1940,80581,0.024075154192675693,0.9866666666666667,0.9911111111111112,0.9955555555555555,0.5436895051826206,0.8977777777777778,0.9866666666666667,0.9955555555555555,0.37877165257154655,0.5287683606147766,0.0,0.0044444444444444444,0.035555555555555556,0.0012899500880869002,3.759209632873535,0.9099099099099099,1.0,0.0888888888888889,4.0,True,49875.73563122749
pythia-1.4b,very_high,draw_2,0.000631,2025,80581,0.025129993422767154,1.0,1.0,1.0,0.5676874696214994,0.9244444444444444,0.9822222222222222,0.9866666666666667,0.46463318733757153,0.45135077834129333,0.0,0.008888888888888889,0.03111111111111111,0.0013519341437171937,3.8264122009277344,0.9244444444444444,1.0,0.05777777777777782,4.0,True,50124.960107564926
pythia-1.4b,very_high,draw_3,0.000631,2108,80581,0.026160012906268227,0.9955555555555555,1.0,1.0,0.5426028347677655,0.9333333333333333,0.9822222222222222,0.9955555555555555,0.33380043208806054,0.5488002896308899,0.0,0.0044444444444444444,0.022222222222222223,0.001229096343417445,3.6865038871765137,0.9375,1.0,0.04888888888888887,4.0,True,49986.59586787224
pythia-1.4b,control,draw_1,0.000631,2233,80581,0.027711247068167435,0.9866666666666667,0.9955555555555555,0.9955555555555555,0.53978352716115,0.9111111111111111,0.9822222222222222,0.9866666666666667,0.39312839438621366,0.5431029796600342,0.0044444444444444444,0.008888888888888889,0.017777777777777778,0.0007962394361629776,4.100342273712158,0.9234234234234234,0.9955555555555555,0.07111111111111112,,True,50266.24609494209
pythia-1.4b,control,draw_2,0.000631,2221,80581,0.02756232858862511,0.9866666666666667,1.0,1.0,0.5466180947919687,0.9288888888888889,0.9822222222222222,0.9866666666666667,0.4191718314070669,0.5116182565689087,0.0,0.0044444444444444444,0.017777777777777778,0.0007281440994615372,4.231644153594971,0.9414414414414414,1.0,0.053333333333333344,,True,49842.18850135803
pythia-1.4b,control,draw_3,0.000631,2006,80581,0.024894205830158476,0.9777777777777777,0.9911111111111112,1.0,0.5580610220775836,0.9333333333333333,0.9822222222222222,0.9911111111111112,0.39223910751015256,0.5362046360969543,0.0,0.0,0.008888888888888889,0.0008201084728221355,4.177860260009766,0.9545454545454546,1.0,0.04888888888888887,,True,50174.5279545784
