model,train_band,draw,test_band,same_band,base_accuracy,base_top5_accuracy,base_top10_accuracy,base_mean_correct_prob,circuit_accuracy,circuit_top5_accuracy,circuit_top10_accuracy,circuit_mean_correct_prob,circuit_kl_div,train_rank,test_rank,freq_distance,retention_ratio
pythia-70m,low,draw_1,low,True,0.28444444444444444,0.4444444444444444,0.5111111111111111,0.1008112996596967,0.2088888888888889,0.36444444444444446,0.40444444444444444,0.06728505480875437,0.2487964630126953,1.0,1.0,0.0,0.734375
pythia-70m,low,draw_1,medium,False,0.4222222222222222,0.5777777777777777,0.6311111111111111,0.170893516682791,0.3288888888888889,0.4622222222222222,0.49777777777777776,0.10705801892824095,0.30069729685783386,1.0,2.0,1.0,0.7789473684210526
pythia-70m,low,draw_1,high,False,0.4577777777777778,0.5955555555555555,0.6311111111111111,0.20911492377881485,0.3288888888888889,0.4666666666666667,0.5288888888888889,0.11714039927254463,0.3912242352962494,1.0,3.0,2.0,0.7184466019417476
pythia-70m,low,draw_1,very_high,False,0.6533333333333333,0.7911111111111111,0.8355555555555556,0.26211252286870756,0.4177777777777778,0.6088888888888889,0.6977777777777778,0.148779206581995,0.406461238861084,1.0,4.0,3.0,0.6394557823129252
pythia-70m,low,draw_1,control,False,0.5955555555555555,0.7955555555555556,0.84,0.22581108712009862,0.4088888888888889,0.5777777777777777,0.6622222222222223,0.11292531103807454,0.43958958983421326,1.0,,,0.6865671641791046
pythia-70m,low,draw_2,low,True,0.36,0.5244444444444445,0.5555555555555556,0.13608967401258762,0.3111111111111111,0.4577777777777778,0.4888888888888889,0.10688475428450304,0.22497345507144928,1.0,1.0,0.0,0.8641975308641976
pythia-70m,low,draw_2,medium,False,0.40444444444444444,0.5688888888888889,0.6177777777777778,0.1668682542128843,0.3288888888888889,0.4622222222222222,0.5244444444444445,0.1170578915923377,0.28719648718833923,1.0,2.0,1.0,0.8131868131868132
pythia-70m,low,draw_2,high,False,0.5333333333333333,0.6977777777777778,0.7511111111111111,0.2038787551692844,0.3466666666666667,0.5511111111111111,0.6177777777777778,0.12985394955038324,0.36141982674598694,1.0,3.0,2.0,0.65
pythia-70m,low,draw_2,very_high,False,0.6488888888888888,0.8133333333333334,0.8311111111111111,0.28177048009979544,0.4577777777777778,0.5955555555555555,0.6488888888888888,0.16210458646694556,0.451115220785141,1.0,4.0,3.0,0.7054794520547946
pythia-70m,low,draw_2,control,False,0.56,0.7422222222222222,0.7866666666666666,0.24513468120335447,0.4222222222222222,0.5955555555555555,0.6444444444444445,0.15897771286224055,0.3658963441848755,1.0,,,0.7539682539682538
pythia-70m,low,draw_3,low,True,0.2577777777777778,0.39555555555555555,0.4711111111111111,0.0991126681231686,0.2088888888888889,0.35555555555555557,0.38666666666666666,0.07068353271303658,0.21446511149406433,1.0,1.0,0.0,0.810344827586207
pythia-70m,low,draw_3,medium,False,0.37333333333333335,0.5244444444444445,0.5466666666666666,0.15395668593047426,0.3111111111111111,0.4533333333333333,0.49333333333333335,0.11372889963485522,0.2605326175689697,1.0,2.0,1.0,0.8333333333333333
pythia-70m,low,draw_3,high,False,0.5155555555555555,0.6488888888888888,0.6888888888888889,0.1954730470451932,0.4,0.5777777777777777,0.6355555555555555,0.1417554600538132,0.3122788369655609,1.0,3.0,2.0,0.7758620689655173
pythia-70m,low,draw_3,very_high,False,0.7066666666666667,0.8266666666666667,0.8622222222222222,0.30203613068747576,0.5288888888888889,0.6844444444444444,0.7288888888888889,0.1932301231979141,0.375722736120224,1.0,4.0,3.0,0.7484276729559748
pythia-70m,low,draw_3,control,False,0.6311111111111111,0.7866666666666666,0.8266666666666667,0.26060410890490554,0.4666666666666667,0.6355555555555555,0.7466666666666667,0.16660018011267919,0.37344688177108765,1.0,,,0.7394366197183099
pythia-70m,medium,draw_1,low,False,0.28444444444444444,0.4444444444444444,0.5111111111111111,0.1008112996596967,0.24,0.43555555555555553,0.4666666666666667,0.08205389697789116,0.23093031346797943,2.0,1.0,1.0,0.84375
pythia-70m,medium,draw_1,medium,True,0.4222222222222222,0.5777777777777777,0.6311111111111111,0.170893516682791,0.38666666666666666,0.49333333333333335,0.5555555555555556,0.13090570182688807,0.24423150718212128,2.0,2.0,0.0,0.9157894736842105
pythia-70m,medium,draw_1,high,False,0.4577777777777778,0.5955555555555555,0.6311111111111111,0.20911492377881485,0.38666666666666666,0.5066666666666667,0.5911111111111111,0.14572733019888826,0.29471316933631897,2.0,3.0,1.0,0.8446601941747572
pythia-70m,medium,draw_1,very_high,False,0.6533333333333333,0.7911111111111111,0.8355555555555556,0.26211252286870756,0.5333333333333333,0.7111111111111111,0.7777777777777778,0.18077838002721264,0.348063200712204,2.0,4.0,2.0,0.8163265306122449
pythia-70m,medium,draw_1,control,False,0.5955555555555555,0.7955555555555556,0.84,0.22581108712009862,0.43555555555555553,0.6222222222222222,0.6755555555555556,0.14463008823938253,0.3722471296787262,2.0,,,0.7313432835820896
pythia-70m,medium,draw_2,low,False,0.36,0.5244444444444445,0.5555555555555556,0.13608967401258762,0.30666666666666664,0.4711111111111111,0.49333333333333335,0.1038198190465594,0.21139851212501526,2.0,1.0,1.0,0.8518518518518519
pythia-70m,medium,draw_2,medium,True,0.40444444444444444,0.5688888888888889,0.6177777777777778,0.1668682542128843,0.3422222222222222,0.48,0.52,0.11296545604410078,0.2511306703090668,2.0,2.0,0.0,0.8461538461538461
pythia-70m,medium,draw_2,high,False,0.5333333333333333,0.6977777777777778,0.7511111111111111,0.2038787551692844,0.3688888888888889,0.5955555555555555,0.6488888888888888,0.13345907920742928,0.3257147967815399,2.0,3.0,1.0,0.6916666666666667
pythia-70m,medium,draw_2,very_high,False,0.6488888888888888,0.8133333333333334,0.8311111111111111,0.28177048009979544,0.48,0.6355555555555555,0.7022222222222222,0.17635362573640526,0.3497975468635559,2.0,4.0,2.0,0.7397260273972603
pythia-70m,medium,draw_2,control,False,0.56,0.7422222222222222,0.7866666666666666,0.24513468120335447,0.4222222222222222,0.5911111111111111,0.68,0.15611415432128978,0.31444692611694336,2.0,,,0.7539682539682538
pythia-70m,medium,draw_3,low,False,0.2577777777777778,0.39555555555555555,0.4711111111111111,0.0991126681231686,0.2088888888888889,0.3466666666666667,0.39111111111111113,0.0643300751548436,0.21527384221553802,2.0,1.0,1.0,0.810344827586207
pythia-70m,medium,draw_3,medium,True,0.37333333333333335,0.5244444444444445,0.5466666666666666,0.15395668593047426,0.31555555555555553,0.4266666666666667,0.4666666666666667,0.11463150481006168,0.22990524768829346,2.0,2.0,0.0,0.8452380952380951
pythia-70m,medium,draw_3,high,False,0.5155555555555555,0.6488888888888888,0.6888888888888889,0.1954730470451932,0.4088888888888889,0.6,0.6488888888888888,0.13619755558764055,0.26974034309387207,2.0,3.0,1.0,0.7931034482758621
pythia-70m,medium,draw_3,very_high,False,0.7066666666666667,0.8266666666666667,0.8622222222222222,0.30203613068747576,0.52,0.7022222222222222,0.7777777777777778,0.19783834824835342,0.32910820841789246,2.0,4.0,2.0,0.7358490566037736
pythia-70m,medium,draw_3,control,False,0.6311111111111111,0.7866666666666666,0.8266666666666667,0.26060410890490554,0.5022222222222222,0.6711111111111111,0.7422222222222222,0.17417384912430053,0.31897467374801636,2.0,,,0.795774647887324
pythia-70m,high,draw_1,low,False,0.28444444444444444,0.4444444444444444,0.5111111111111111,0.1008112996596967,0.2577777777777778,0.4222222222222222,0.4711111111111111,0.0835090127187358,0.19674338400363922,3.0,1.0,2.0,0.90625
pythia-70m,high,draw_1,medium,False,0.4222222222222222,0.5777777777777777,0.6311111111111111,0.170893516682791,0.35555555555555557,0.49333333333333335,0.5466666666666666,0.1347985389097483,0.22281064093112946,3.0,2.0,1.0,0.8421052631578948
pythia-70m,high,draw_1,high,True,0.4577777777777778,0.5955555555555555,0.6311111111111111,0.20911492377881485,0.37777777777777777,0.52,0.5644444444444444,0.14982667194557406,0.2822001278400421,3.0,3.0,0.0,0.8252427184466019
pythia-70m,high,draw_1,very_high,False,0.6533333333333333,0.7911111111111111,0.8355555555555556,0.26211252286870756,0.5022222222222222,0.68,0.7822222222222223,0.19191655942554564,0.28133630752563477,3.0,4.0,1.0,0.7687074829931974
pythia-70m,high,draw_1,control,False,0.5955555555555555,0.7955555555555556,0.84,0.22581108712009862,0.4888888888888889,0.6755555555555556,0.7333333333333333,0.16332396036988028,0.31617048382759094,3.0,,,0.8208955223880597
pythia-70m,high,draw_2,low,False,0.36,0.5244444444444445,0.5555555555555556,0.13608967401258762,0.31555555555555553,0.4711111111111111,0.5111111111111111,0.10583336782971596,0.20193468034267426,3.0,1.0,2.0,0.8765432098765432
pythia-70m,high,draw_2,medium,False,0.40444444444444444,0.5688888888888889,0.6177777777777778,0.1668682542128843,0.3333333333333333,0.48,0.56,0.12449509831801707,0.23672296106815338,3.0,2.0,1.0,0.8241758241758241
pythia-70m,high,draw_2,high,True,0.5333333333333333,0.6977777777777778,0.7511111111111111,0.2038787551692844,0.40444444444444444,0.6133333333333333,0.6888888888888889,0.1433989974624617,0.3076956272125244,3.0,3.0,0.0,0.7583333333333333
pythia-70m,high,draw_2,very_high,False,0.6488888888888888,0.8133333333333334,0.8311111111111111,0.28177048009979544,0.49333333333333335,0.68,0.7333333333333333,0.19701881802071916,0.2838384509086609,3.0,4.0,1.0,0.7602739726027398
pythia-70m,high,draw_2,control,False,0.56,0.7422222222222222,0.7866666666666666,0.24513468120335447,0.4888888888888889,0.6666666666666666,0.7333333333333333,0.18935680829695534,0.27707570791244507,3.0,,,0.8730158730158729
pythia-70m,high,draw_3,low,False,0.2577777777777778,0.39555555555555555,0.4711111111111111,0.0991126681231686,0.23555555555555555,0.37777777777777777,0.41333333333333333,0.07642728835602836,0.18945051729679108,3.0,1.0,2.0,0.9137931034482758
pythia-70m,high,draw_3,medium,False,0.37333333333333335,0.5244444444444445,0.5466666666666666,0.15395668593047426,0.3466666666666667,0.47555555555555556,0.5066666666666667,0.12334312249979715,0.20743805170059204,3.0,2.0,1.0,0.9285714285714286
pythia-70m,high,draw_3,high,True,0.5155555555555555,0.6488888888888888,0.6888888888888889,0.1954730470451932,0.4666666666666667,0.6222222222222222,0.6577777777777778,0.16505386755263265,0.2252688854932785,3.0,3.0,0.0,0.9051724137931035
pythia-70m,high,draw_3,very_high,False,0.7066666666666667,0.8266666666666667,0.8622222222222222,0.30203613068747576,0.5955555555555555,0.7422222222222222,0.8088888888888889,0.2231792364380332,0.2568044066429138,3.0,4.0,1.0,0.8427672955974842
pythia-70m,high,draw_3,control,False,0.6311111111111111,0.7866666666666666,0.8266666666666667,0.26060410890490554,0.5155555555555555,0.72,0.7911111111111111,0.19640088178753,0.2630518674850464,3.0,,,0.8169014084507042
pythia-70m,very_high,draw_1,low,False,0.28444444444444444,0.4444444444444444,0.5111111111111111,0.1008112996596967,0.21777777777777776,0.39555555555555555,0.44,0.06847694864602268,0.20113222301006317,4.0,1.0,3.0,0.765625
pythia-70m,very_high,draw_1,medium,False,0.4222222222222222,0.5777777777777777,0.6311111111111111,0.170893516682791,0.35555555555555557,0.49777777777777776,0.5466666666666666,0.12718701244093142,0.22306376695632935,4.0,2.0,2.0,0.8421052631578948
pythia-70m,very_high,draw_1,high,False,0.4577777777777778,0.5955555555555555,0.6311111111111111,0.20911492377881485,0.36444444444444446,0.5466666666666666,0.5822222222222222,0.1445190121490782,0.2526893615722656,4.0,3.0,1.0,0.7961165048543689
pythia-70m,very_high,draw_1,very_high,True,0.6533333333333333,0.7911111111111111,0.8355555555555556,0.26211252286870756,0.5377777777777778,0.7377777777777778,0.7866666666666666,0.19881378534466218,0.2377515435218811,4.0,4.0,0.0,0.8231292517006803
pythia-70m,very_high,draw_1,control,False,0.5955555555555555,0.7955555555555556,0.84,0.22581108712009862,0.48,0.6888888888888889,0.7511111111111111,0.16386842134691001,0.2775306701660156,4.0,,,0.8059701492537313
pythia-70m,very_high,draw_2,low,False,0.36,0.5244444444444445,0.5555555555555556,0.13608967401258762,0.26666666666666666,0.4444444444444444,0.48444444444444446,0.10008361225983774,0.2194618135690689,4.0,1.0,3.0,0.7407407407407408
pythia-70m,very_high,draw_2,medium,False,0.40444444444444444,0.5688888888888889,0.6177777777777778,0.1668682542128843,0.35555555555555557,0.5022222222222222,0.5688888888888889,0.12235809901448597,0.23209793865680695,4.0,2.0,2.0,0.8791208791208792
pythia-70m,very_high,draw_2,high,False,0.5333333333333333,0.6977777777777778,0.7511111111111111,0.2038787551692844,0.41333333333333333,0.6088888888888889,0.6622222222222223,0.13552389762809375,0.3074445426464081,4.0,3.0,1.0,0.775
pythia-70m,very_high,draw_2,very_high,True,0.6488888888888888,0.8133333333333334,0.8311111111111111,0.28177048009979544,0.52,0.68,0.7511111111111111,0.20497651921963955,0.2692679464817047,4.0,4.0,0.0,0.8013698630136987
pythia-70m,very_high,draw_2,control,False,0.56,0.7422222222222222,0.7866666666666666,0.24513468120335447,0.49333333333333335,0.6666666666666666,0.7333333333333333,0.1952245504904781,0.24877110123634338,4.0,,,0.8809523809523809
pythia-70m,very_high,draw_3,low,False,0.2577777777777778,0.39555555555555555,0.4711111111111111,0.0991126681231686,0.2088888888888889,0.3466666666666667,0.38222222222222224,0.0583007525786371,0.22568319737911224,4.0,1.0,3.0,0.810344827586207
pythia-70m,very_high,draw_3,medium,False,0.37333333333333335,0.5244444444444445,0.5466666666666666,0.15395668593047426,0.27111111111111114,0.4311111111111111,0.48444444444444446,0.10544079705814176,0.23591390252113342,4.0,2.0,2.0,0.7261904761904763
pythia-70m,very_high,draw_3,high,False,0.5155555555555555,0.6488888888888888,0.6888888888888889,0.1954730470451932,0.40444444444444444,0.5911111111111111,0.64,0.14645468456287794,0.23469580709934235,4.0,3.0,1.0,0.7844827586206896
pythia-70m,very_high,draw_3,very_high,True,0.7066666666666667,0.8266666666666667,0.8622222222222222,0.30203613068747576,0.5911111111111111,0.7422222222222222,0.7777777777777778,0.2228055720475883,0.2597566843032837,4.0,4.0,0.0,0.8364779874213837
pythia-70m,very_high,draw_3,control,False,0.6311111111111111,0.7866666666666666,0.8266666666666667,0.26060410890490554,0.49333333333333335,0.7155555555555555,0.7777777777777778,0.1860444001476814,0.28511402010917664,4.0,,,0.7816901408450705
pythia-70m,control,draw_1,low,False,0.28444444444444444,0.4444444444444444,0.5111111111111111,0.1008112996596967,0.26666666666666666,0.4222222222222222,0.4444444444444444,0.08862207280001105,0.20648792386054993,,1.0,,0.9375
pythia-70m,control,draw_1,medium,False,0.4222222222222222,0.5777777777777777,0.6311111111111111,0.170893516682791,0.3688888888888889,0.49777777777777776,0.5288888888888889,0.138013770909091,0.21336229145526886,,2.0,,0.8736842105263157
pythia-70m,control,draw_1,high,False,0.4577777777777778,0.5955555555555555,0.6311111111111111,0.20911492377881485,0.4,0.5288888888888889,0.5688888888888889,0.1527241423110546,0.2736276388168335,,3.0,,0.8737864077669903
pythia-70m,control,draw_1,very_high,False,0.6533333333333333,0.7911111111111111,0.8355555555555556,0.26211252286870756,0.5288888888888889,0.7377777777777778,0.7955555555555556,0.2053338510103236,0.25716033577919006,,4.0,,0.8095238095238095
pythia-70m,control,draw_1,control,True,0.5955555555555555,0.7955555555555556,0.84,0.22581108712009862,0.5111111111111111,0.7022222222222222,0.7688888888888888,0.1877014039282767,0.27525433897972107,,,,0.8582089552238806
pythia-70m,control,draw_2,low,False,0.36,0.5244444444444445,0.5555555555555556,0.13608967401258762,0.3244444444444444,0.47555555555555556,0.5022222222222222,0.10753168519538134,0.19378092885017395,,1.0,,0.9012345679012346
pythia-70m,control,draw_2,medium,False,0.40444444444444444,0.5688888888888889,0.6177777777777778,0.1668682542128843,0.3688888888888889,0.5022222222222222,0.5511111111111111,0.12535687856237207,0.2405182421207428,,2.0,,0.9120879120879121
pythia-70m,control,draw_2,high,False,0.5333333333333333,0.6977777777777778,0.7511111111111111,0.2038787551692844,0.4311111111111111,0.6355555555555555,0.68,0.15092444564241708,0.27668243646621704,,3.0,,0.8083333333333333
pythia-70m,control,draw_2,very_high,False,0.6488888888888888,0.8133333333333334,0.8311111111111111,0.28177048009979544,0.56,0.7111111111111111,0.7822222222222223,0.22091539512411146,0.2534087598323822,,4.0,,0.8630136986301371
pythia-70m,control,draw_2,control,True,0.56,0.7422222222222222,0.7866666666666666,0.24513468120335447,0.5244444444444445,0.6711111111111111,0.7244444444444444,0.20913250628346558,0.2333398163318634,,,,0.9365079365079365
pythia-70m,control,draw_3,low,False,0.2577777777777778,0.39555555555555555,0.4711111111111111,0.0991126681231686,0.19555555555555557,0.3422222222222222,0.4,0.06385747813459748,0.21470168232917786,,1.0,,0.7586206896551725
pythia-70m,control,draw_3,medium,False,0.37333333333333335,0.5244444444444445,0.5466666666666666,0.15395668593047426,0.3288888888888889,0.4533333333333333,0.5066666666666667,0.1182392116460247,0.2245265692472458,,2.0,,0.8809523809523809
pythia-70m,control,draw_3,high,False,0.5155555555555555,0.6488888888888888,0.6888888888888889,0.1954730470451932,0.43555555555555553,0.5911111111111111,0.6444444444444445,0.15921433892659276,0.22926567494869232,,3.0,,0.8448275862068965
pythia-70m,control,draw_3,very_high,False,0.7066666666666667,0.8266666666666667,0.8622222222222222,0.30203613068747576,0.6177777777777778,0.7466666666666667,0.8,0.22956608063011016,0.2616923749446869,,4.0,,0.8742138364779874
pythia-70m,control,draw_3,control,True,0.6311111111111111,0.7866666666666666,0.8266666666666667,0.26060410890490554,0.5422222222222223,0.7644444444444445,0.8088888888888889,0.21924992167590973,0.26241251826286316,,,,0.859154929577465
pythia-160m,low,draw_1,low,True,0.9244444444444444,0.9911111111111112,1.0,0.40664153397911124,0.8755555555555555,0.9644444444444444,0.9777777777777777,0.3369343391200528,0.30963048338890076,1.0,1.0,0.0,0.9471153846153846
pythia-160m,low,draw_1,medium,False,0.9555555555555556,1.0,1.0,0.45685618015627066,0.9244444444444444,0.9911111111111112,0.9955555555555555,0.4156233645271924,0.2749466598033905,1.0,2.0,1.0,0.9674418604651162
pythia-160m,low,draw_1,high,False,0.9688888888888889,0.9911111111111112,1.0,0.5052217386807832,0.8844444444444445,0.9911111111111112,0.9955555555555555,0.4416758652921352,0.3083650767803192,1.0,3.0,2.0,0.9128440366972477
pythia-160m,low,draw_1,very_high,False,0.9733333333333334,1.0,1.0,0.561537106529706,0.9111111111111111,0.9777777777777777,0.9822222222222222,0.4713900849890585,0.3208833932876587,1.0,4.0,3.0,0.9360730593607305
pythia-160m,low,draw_1,control,False,0.9866666666666667,1.0,1.0,0.5169803247186873,0.8933333333333333,0.9866666666666667,0.9911111111111112,0.42787947620989547,0.3317113518714905,1.0,,,0.9054054054054054
pythia-160m,low,draw_2,low,True,0.9333333333333333,0.9955555555555555,0.9955555555555555,0.41268987488932907,0.8977777777777778,0.9777777777777777,0.9822222222222222,0.37444855731342813,0.2935936450958252,1.0,1.0,0.0,0.9619047619047619
pythia-160m,low,draw_2,medium,False,0.96,1.0,1.0,0.45761598655747043,0.9288888888888889,0.9911111111111112,0.9911111111111112,0.4589900659583509,0.2637321949005127,1.0,2.0,1.0,0.9675925925925926
pythia-160m,low,draw_2,high,False,0.96,1.0,1.0,0.5085489235073328,0.9644444444444444,0.9955555555555555,1.0,0.4876729358649916,0.27624914050102234,1.0,3.0,2.0,1.0046296296296298
pythia-160m,low,draw_2,very_high,False,0.9688888888888889,1.0,1.0,0.5468449862052996,0.9022222222222223,0.9822222222222222,0.9866666666666667,0.4855926172973381,0.2943347990512848,1.0,4.0,3.0,0.9311926605504587
pythia-160m,low,draw_2,control,False,0.9733333333333334,1.0,1.0,0.5172031994991833,0.9333333333333333,0.9822222222222222,0.9911111111111112,0.47796269298841554,0.3099978268146515,1.0,,,0.958904109589041
pythia-160m,low,draw_3,low,True,0.9288888888888889,0.9866666666666667,0.9955555555555555,0.4233712222861747,0.8977777777777778,0.9688888888888889,0.9866666666666667,0.32786666793127855,0.3120543360710144,1.0,1.0,0.0,0.9665071770334929
pythia-160m,low,draw_3,medium,False,0.9555555555555556,0.9822222222222222,0.9955555555555555,0.4583518081924154,0.9066666666666666,0.9866666666666667,0.9911111111111112,0.3969291602840854,0.2649233639240265,1.0,2.0,1.0,0.9488372093023255
pythia-160m,low,draw_3,high,False,0.9511111111111111,0.9955555555555555,0.9955555555555555,0.5074280625830094,0.9066666666666666,0.9733333333333334,0.9866666666666667,0.45525229861804595,0.2767251431941986,1.0,3.0,2.0,0.9532710280373831
pythia-160m,low,draw_3,very_high,False,0.9644444444444444,1.0,1.0,0.5325090324671732,0.9288888888888889,0.9822222222222222,0.9911111111111112,0.45238133248045215,0.33071643114089966,1.0,4.0,3.0,0.9631336405529953
pythia-160m,low,draw_3,control,False,0.9733333333333334,0.9955555555555555,1.0,0.5098680631423163,0.8888888888888888,0.9822222222222222,0.9866666666666667,0.4668680778192356,0.3253940939903259,1.0,,,0.91324200913242
pythia-160m,medium,draw_1,low,False,0.9244444444444444,0.9911111111111112,1.0,0.40664153397911124,0.8533333333333334,0.96,0.9688888888888889,0.345223777188609,0.31681960821151733,2.0,1.0,1.0,0.9230769230769231
pythia-160m,medium,draw_1,medium,True,0.9555555555555556,1.0,1.0,0.45685618015627066,0.9155555555555556,0.9955555555555555,1.0,0.4109990031727486,0.29367750883102417,2.0,2.0,0.0,0.958139534883721
pythia-160m,medium,draw_1,high,False,0.9688888888888889,0.9911111111111112,1.0,0.5052217386807832,0.9066666666666666,0.9911111111111112,0.9911111111111112,0.45169759147283106,0.28926533460617065,2.0,3.0,1.0,0.9357798165137614
pythia-160m,medium,draw_1,very_high,False,0.9733333333333334,1.0,1.0,0.561537106529706,0.9066666666666666,0.9866666666666667,0.9866666666666667,0.47636814615275297,0.31845176219940186,2.0,4.0,2.0,0.9315068493150684
pythia-160m,medium,draw_1,control,False,0.9866666666666667,1.0,1.0,0.5169803247186873,0.92,0.9777777777777777,0.9866666666666667,0.4475699048326351,0.28610479831695557,2.0,,,0.9324324324324325
pythia-160m,medium,draw_2,low,False,0.9333333333333333,0.9955555555555555,0.9955555555555555,0.41268987488932907,0.8266666666666667,0.9733333333333334,0.9777777777777777,0.3312798384918521,0.3387536406517029,2.0,1.0,1.0,0.8857142857142857
pythia-160m,medium,draw_2,medium,True,0.96,1.0,1.0,0.45761598655747043,0.9244444444444444,0.9866666666666667,0.9911111111111112,0.41365339236644405,0.29229846596717834,2.0,2.0,0.0,0.9629629629629629
pythia-160m,medium,draw_2,high,False,0.96,1.0,1.0,0.5085489235073328,0.9511111111111111,0.9955555555555555,1.0,0.4668511757544345,0.263124942779541,2.0,3.0,1.0,0.9907407407407408
pythia-160m,medium,draw_2,very_high,False,0.9688888888888889,1.0,1.0,0.5468449862052996,0.9022222222222223,0.9644444444444444,0.9733333333333334,0.4887863025436592,0.30683594942092896,2.0,4.0,2.0,0.9311926605504587
pythia-160m,medium,draw_2,control,False,0.9733333333333334,1.0,1.0,0.5172031994991833,0.9244444444444444,0.9866666666666667,0.9955555555555555,0.4580574318166408,0.3036852180957794,2.0,,,0.9497716894977168
pythia-160m,medium,draw_3,low,False,0.9288888888888889,0.9866666666666667,0.9955555555555555,0.4233712222861747,0.8533333333333334,0.9511111111111111,0.9777777777777777,0.3069664006571596,0.36427557468414307,2.0,1.0,1.0,0.9186602870813397
pythia-160m,medium,draw_3,medium,True,0.9555555555555556,0.9822222222222222,0.9955555555555555,0.4583518081924154,0.8933333333333333,0.9733333333333334,0.9911111111111112,0.4067286523814417,0.27565640211105347,2.0,2.0,0.0,0.9348837209302325
pythia-160m,medium,draw_3,high,False,0.9511111111111111,0.9955555555555555,0.9955555555555555,0.5074280625830094,0.9244444444444444,0.9777777777777777,0.9822222222222222,0.46864866075364664,0.26604917645454407,2.0,3.0,1.0,0.9719626168224298
pythia-160m,medium,draw_3,very_high,False,0.9644444444444444,1.0,1.0,0.5325090324671732,0.9288888888888889,0.9688888888888889,0.9866666666666667,0.48937760739483765,0.329928994178772,2.0,4.0,2.0,0.9631336405529953
pythia-160m,medium,draw_3,control,False,0.9733333333333334,0.9955555555555555,1.0,0.5098680631423163,0.9155555555555556,0.9822222222222222,0.9955555555555555,0.4745318045374006,0.31931185722351074,2.0,,,0.9406392694063926
pythia-160m,high,draw_1,low,False,0.9244444444444444,0.9911111111111112,1.0,0.40664153397911124,0.8222222222222222,0.9555555555555556,0.9644444444444444,0.26160374462914965,0.40960049629211426,3.0,1.0,2.0,0.8894230769230769
pythia-160m,high,draw_1,medium,False,0.9555555555555556,1.0,1.0,0.45685618015627066,0.8844444444444445,0.9911111111111112,0.9955555555555555,0.34717661862572036,0.3258214592933655,3.0,2.0,1.0,0.9255813953488372
pythia-160m,high,draw_1,high,True,0.9688888888888889,0.9911111111111112,1.0,0.5052217386807832,0.9111111111111111,0.9777777777777777,0.9777777777777777,0.4224399949537797,0.31541189551353455,3.0,3.0,0.0,0.9403669724770641
pythia-160m,high,draw_1,very_high,False,0.9733333333333334,1.0,1.0,0.561537106529706,0.9422222222222222,0.9733333333333334,0.9822222222222222,0.482203293170573,0.2940253019332886,3.0,4.0,1.0,0.9680365296803652
pythia-160m,high,draw_1,control,False,0.9866666666666667,1.0,1.0,0.5169803247186873,0.8933333333333333,0.9822222222222222,0.9822222222222222,0.42848446648360955,0.29535964131355286,3.0,,,0.9054054054054054
pythia-160m,high,draw_2,low,False,0.9333333333333333,0.9955555555555555,0.9955555555555555,0.41268987488932907,0.8222222222222222,0.9422222222222222,0.9555555555555556,0.2555137900419585,0.44999274611473083,3.0,1.0,2.0,0.8809523809523809
pythia-160m,high,draw_2,medium,False,0.96,1.0,1.0,0.45761598655747043,0.8844444444444445,0.9911111111111112,0.9955555555555555,0.37493740413234466,0.32533955574035645,3.0,2.0,1.0,0.9212962962962964
pythia-160m,high,draw_2,high,True,0.96,1.0,1.0,0.5085489235073328,0.9333333333333333,0.9866666666666667,0.9955555555555555,0.42712341307765905,0.3136653006076813,3.0,3.0,0.0,0.9722222222222223
pythia-160m,high,draw_2,very_high,False,0.9688888888888889,1.0,1.0,0.5468449862052996,0.9111111111111111,0.9822222222222222,0.9866666666666667,0.47304831102645645,0.29589128494262695,3.0,4.0,1.0,0.9403669724770641
pythia-160m,high,draw_2,control,False,0.9733333333333334,1.0,1.0,0.5172031994991833,0.9155555555555556,0.9866666666666667,1.0,0.4122507332306769,0.34450221061706543,3.0,,,0.9406392694063926
pythia-160m,high,draw_3,low,False,0.9288888888888889,0.9866666666666667,0.9955555555555555,0.4233712222861747,0.8577777777777778,0.9466666666666667,0.9644444444444444,0.2639580159295454,0.42092037200927734,3.0,1.0,2.0,0.923444976076555
pythia-160m,high,draw_3,medium,False,0.9555555555555556,0.9822222222222222,0.9955555555555555,0.4583518081924154,0.9066666666666666,0.9733333333333334,0.9866666666666667,0.37736696145549004,0.30214235186576843,3.0,2.0,1.0,0.9488372093023255
pythia-160m,high,draw_3,high,True,0.9511111111111111,0.9955555555555555,0.9955555555555555,0.5074280625830094,0.9244444444444444,0.9688888888888889,0.9866666666666667,0.4784175016399887,0.2708108723163605,3.0,3.0,0.0,0.9719626168224298
pythia-160m,high,draw_3,very_high,False,0.9644444444444444,1.0,1.0,0.5325090324671732,0.9155555555555556,0.9866666666666667,0.9955555555555555,0.49133653305057023,0.31169718503952026,3.0,4.0,1.0,0.9493087557603687
pythia-160m,high,draw_3,control,False,0.9733333333333334,0.9955555555555555,1.0,0.5098680631423163,0.9288888888888889,0.9866666666666667,0.9911111111111112,0.4918782469583675,0.30874913930892944,3.0,,,0.9543378995433789
pythia-160m,very_high,draw_1,low,False,0.9244444444444444,0.9911111111111112,1.0,0.40664153397911124,0.8488888888888889,0.9688888888888889,0.9822222222222222,0.26185583864610334,0.40102314949035645,4.0,1.0,3.0,0.9182692307692308
pythia-160m,very_high,draw_1,medium,False,0.9555555555555556,1.0,1.0,0.45685618015627066,0.8755555555555555,0.9911111111111112,0.9911111111111112,0.34390228304442844,0.3401217758655548,4.0,2.0,2.0,0.9162790697674418
pythia-160m,very_high,draw_1,high,False,0.9688888888888889,0.9911111111111112,1.0,0.5052217386807832,0.9244444444444444,0.9911111111111112,0.9911111111111112,0.4361992286104295,0.2811031937599182,4.0,3.0,1.0,0.9541284403669724
pythia-160m,very_high,draw_1,very_high,True,0.9733333333333334,1.0,1.0,0.561537106529706,0.9644444444444444,1.0,1.0,0.5285146881805526,0.2621532678604126,4.0,4.0,0.0,0.9908675799086757
pythia-160m,very_high,draw_1,control,False,0.9866666666666667,1.0,1.0,0.5169803247186873,0.9288888888888889,0.9822222222222222,0.9955555555555555,0.46124971647229457,0.27319157123565674,4.0,,,0.9414414414414414
pythia-160m,very_high,draw_2,low,False,0.9333333333333333,0.9955555555555555,0.9955555555555555,0.41268987488932907,0.7733333333333333,0.9466666666666667,0.96,0.20546768113763797,0.5598598122596741,4.0,1.0,3.0,0.8285714285714285
pythia-160m,very_high,draw_2,medium,False,0.96,1.0,1.0,0.45761598655747043,0.8755555555555555,0.9866666666666667,0.9866666666666667,0.2981256407369963,0.40172454714775085,4.0,2.0,2.0,0.9120370370370371
pythia-160m,very_high,draw_2,high,False,0.96,1.0,1.0,0.5085489235073328,0.9333333333333333,1.0,1.0,0.3939524366748002,0.31064778566360474,4.0,3.0,1.0,0.9722222222222223
pythia-160m,very_high,draw_2,very_high,True,0.9688888888888889,1.0,1.0,0.5468449862052996,0.9377777777777778,0.9866666666666667,0.9955555555555555,0.48257948000139245,0.2730286121368408,4.0,4.0,0.0,0.9678899082568807
pythia-160m,very_high,draw_2,control,False,0.9733333333333334,1.0,1.0,0.5172031994991833,0.9288888888888889,0.9911111111111112,1.0,0.451619488162299,0.3123107850551605,4.0,,,0.9543378995433789
pythia-160m,very_high,draw_3,low,False,0.9288888888888889,0.9866666666666667,0.9955555555555555,0.4233712222861747,0.8755555555555555,0.9644444444444444,0.9777777777777777,0.23467178093967958,0.5231618881225586,4.0,1.0,3.0,0.9425837320574163
pythia-160m,very_high,draw_3,medium,False,0.9555555555555556,0.9822222222222222,0.9955555555555555,0.4583518081924154,0.9111111111111111,0.9777777777777777,0.9911111111111112,0.3477125416649505,0.34555184841156006,4.0,2.0,2.0,0.9534883720930232
pythia-160m,very_high,draw_3,high,False,0.9511111111111111,0.9955555555555555,0.9955555555555555,0.5074280625830094,0.9288888888888889,0.9866666666666667,0.9866666666666667,0.439323157156145,0.2734927833080292,4.0,3.0,1.0,0.9766355140186915
pythia-160m,very_high,draw_3,very_high,True,0.9644444444444444,1.0,1.0,0.5325090324671732,0.9511111111111111,0.9911111111111112,1.0,0.4780094781642159,0.3031104803085327,4.0,4.0,0.0,0.9861751152073733
pythia-160m,very_high,draw_3,control,False,0.9733333333333334,0.9955555555555555,1.0,0.5098680631423163,0.9333333333333333,0.9911111111111112,0.9955555555555555,0.4673499355206473,0.3225492835044861,4.0,,,0.958904109589041
pythia-160m,control,draw_1,low,False,0.9244444444444444,0.9911111111111112,1.0,0.40664153397911124,0.8488888888888889,0.9511111111111111,0.9688888888888889,0.220727533136184,0.4711052179336548,,1.0,,0.9182692307692308
pythia-160m,control,draw_1,medium,False,0.9555555555555556,1.0,1.0,0.45685618015627066,0.9066666666666666,0.9866666666666667,0.9955555555555555,0.3091332727567189,0.3656299114227295,,2.0,,0.9488372093023255
pythia-160m,control,draw_1,high,False,0.9688888888888889,0.9911111111111112,1.0,0.5052217386807832,0.9244444444444444,0.9911111111111112,0.9955555555555555,0.4102176194700102,0.3008713126182556,,3.0,,0.9541284403669724
pythia-160m,control,draw_1,very_high,False,0.9733333333333334,1.0,1.0,0.561537106529706,0.9511111111111111,1.0,1.0,0.4825063630027904,0.25875404477119446,,4.0,,0.9771689497716894
pythia-160m,control,draw_1,control,True,0.9866666666666667,1.0,1.0,0.5169803247186873,0.9244444444444444,0.9777777777777777,0.9911111111111112,0.43776240545428463,0.3004647493362427,,,,0.9369369369369369
pythia-160m,control,draw_2,low,False,0.9333333333333333,0.9955555555555555,0.9955555555555555,0.41268987488932907,0.8577777777777778,0.9644444444444444,0.9777777777777777,0.2768739974995454,0.4246428608894348,,1.0,,0.919047619047619
pythia-160m,control,draw_2,medium,False,0.96,1.0,1.0,0.45761598655747043,0.9111111111111111,0.9911111111111112,0.9911111111111112,0.3735138256485677,0.3228423595428467,,2.0,,0.9490740740740741
pythia-160m,control,draw_2,high,False,0.96,1.0,1.0,0.5085489235073328,0.92,1.0,1.0,0.45435325994673703,0.27913060784339905,,3.0,,0.9583333333333334
pythia-160m,control,draw_2,very_high,False,0.9688888888888889,1.0,1.0,0.5468449862052996,0.9333333333333333,0.9822222222222222,0.9822222222222222,0.48252718947310413,0.29664501547813416,,4.0,,0.963302752293578
pythia-160m,control,draw_2,control,True,0.9733333333333334,1.0,1.0,0.5172031994991833,0.9377777777777778,0.9911111111111112,0.9911111111111112,0.44803173474139635,0.290813684463501,,,,0.9634703196347032
pythia-160m,control,draw_3,low,False,0.9288888888888889,0.9866666666666667,0.9955555555555555,0.4233712222861747,0.8044444444444444,0.9511111111111111,0.9866666666666667,0.23411151573217162,0.4845660924911499,,1.0,,0.8660287081339713
pythia-160m,control,draw_3,medium,False,0.9555555555555556,0.9822222222222222,0.9955555555555555,0.4583518081924154,0.88,0.9688888888888889,0.9822222222222222,0.33364847286630217,0.34469515085220337,,2.0,,0.9209302325581395
pythia-160m,control,draw_3,high,False,0.9511111111111111,0.9955555555555555,0.9955555555555555,0.5074280625830094,0.9155555555555556,0.9911111111111112,0.9955555555555555,0.4306942024578651,0.2853373885154724,,3.0,,0.9626168224299065
pythia-160m,control,draw_3,very_high,False,0.9644444444444444,1.0,1.0,0.5325090324671732,0.9377777777777778,0.9733333333333334,1.0,0.4684694758678476,0.30353137850761414,,4.0,,0.9723502304147466
pythia-160m,control,draw_3,control,True,0.9733333333333334,0.9955555555555555,1.0,0.5098680631423163,0.9466666666666667,0.9866666666666667,0.9911111111111112,0.48977300831530657,0.2788732349872589,,,,0.9726027397260273
pythia-410m,low,draw_1,low,True,0.9777777777777777,1.0,1.0,0.5996535450716813,0.9377777777777778,0.9911111111111112,0.9955555555555555,0.4721582602838882,0.3796885013580322,1.0,1.0,0.0,0.9590909090909092
pythia-410m,low,draw_1,medium,False,0.9911111111111112,1.0,1.0,0.5878088428742356,0.9866666666666667,1.0,1.0,0.5532778907981184,0.29237109422683716,1.0,2.0,1.0,0.9955156950672646
pythia-410m,low,draw_1,high,False,0.9911111111111112,1.0,1.0,0.5613615916338232,0.9733333333333334,0.9911111111111112,0.9955555555555555,0.5427010250862481,0.3093549907207489,1.0,3.0,2.0,0.9820627802690582
pythia-410m,low,draw_1,very_high,False,0.9822222222222222,1.0,1.0,0.534307011100981,0.9511111111111111,0.9866666666666667,0.9911111111111112,0.45260703021531096,0.30293506383895874,1.0,4.0,3.0,0.9683257918552036
pythia-410m,low,draw_1,control,False,0.9911111111111112,1.0,1.0,0.509243270204299,0.9644444444444444,0.9955555555555555,0.9955555555555555,0.4628179808085163,0.31706854701042175,1.0,,,0.9730941704035874
pythia-410m,low,draw_2,low,True,0.9822222222222222,1.0,1.0,0.6482912620405356,0.9422222222222222,0.9822222222222222,0.9911111111111112,0.4742647956073698,0.45597875118255615,1.0,1.0,0.0,0.9592760180995474
pythia-410m,low,draw_2,medium,False,0.9777777777777777,0.9955555555555555,0.9955555555555555,0.5542496593420704,0.9733333333333334,0.9911111111111112,0.9955555555555555,0.5043408322830994,0.310555636882782,1.0,2.0,1.0,0.9954545454545456
pythia-410m,low,draw_2,high,False,0.9911111111111112,0.9955555555555555,0.9955555555555555,0.5678719812124554,0.9688888888888889,0.9911111111111112,0.9955555555555555,0.4581632866539682,0.2825756371021271,1.0,3.0,2.0,0.9775784753363228
pythia-410m,low,draw_2,very_high,False,0.9955555555555555,1.0,1.0,0.5137960833973355,0.9377777777777778,0.9822222222222222,0.9911111111111112,0.3900020476679007,0.308825820684433,1.0,4.0,3.0,0.9419642857142858
pythia-410m,low,draw_2,control,False,0.9911111111111112,1.0,1.0,0.5203929616842005,0.9511111111111111,1.0,1.0,0.43978237772153483,0.2948155403137207,1.0,,,0.9596412556053812
pythia-410m,low,draw_3,low,True,0.9866666666666667,1.0,1.0,0.6203534630189339,0.96,0.9955555555555555,0.9955555555555555,0.5591009835505651,0.3227486312389374,1.0,1.0,0.0,0.9729729729729729
pythia-410m,low,draw_3,medium,False,0.9911111111111112,1.0,1.0,0.5758409050934844,0.9688888888888889,0.9955555555555555,1.0,0.5400427158756389,0.28566280007362366,1.0,2.0,1.0,0.9775784753363228
pythia-410m,low,draw_3,high,False,0.9955555555555555,1.0,1.0,0.5632475663390425,0.9911111111111112,1.0,1.0,0.5638616442680359,0.2660886347293854,1.0,3.0,2.0,0.9955357142857144
pythia-410m,low,draw_3,very_high,False,0.9955555555555555,1.0,1.0,0.5304606971641381,0.9644444444444444,0.9955555555555555,0.9955555555555555,0.4951124887075275,0.2864709496498108,1.0,4.0,3.0,0.96875
pythia-410m,low,draw_3,control,False,0.9866666666666667,1.0,1.0,0.5480385847058561,0.9777777777777777,0.9955555555555555,0.9955555555555555,0.5191860659782671,0.2727389931678772,1.0,,,0.990990990990991
pythia-410m,medium,draw_1,low,False,0.9777777777777777,1.0,1.0,0.5996535450716813,0.9155555555555556,0.9733333333333334,0.9911111111111112,0.38567934003247906,0.5126569867134094,2.0,1.0,1.0,0.9363636363636364
pythia-410m,medium,draw_1,medium,True,0.9911111111111112,1.0,1.0,0.5878088428742356,0.9777777777777777,1.0,1.0,0.5176801496909724,0.2956857681274414,2.0,2.0,0.0,0.9865470852017937
pythia-410m,medium,draw_1,high,False,0.9911111111111112,1.0,1.0,0.5613615916338232,0.9733333333333334,0.9866666666666667,0.9955555555555555,0.5327757043018937,0.29757604002952576,2.0,3.0,1.0,0.9820627802690582
pythia-410m,medium,draw_1,very_high,False,0.9822222222222222,1.0,1.0,0.534307011100981,0.9555555555555556,0.9866666666666667,0.9955555555555555,0.4514516501314938,0.2978214621543884,2.0,4.0,2.0,0.9728506787330318
pythia-410m,medium,draw_1,control,False,0.9911111111111112,1.0,1.0,0.509243270204299,0.9555555555555556,0.9866666666666667,0.9955555555555555,0.4478545239402188,0.32016271352767944,2.0,,,0.9641255605381166
pythia-410m,medium,draw_2,low,False,0.9822222222222222,1.0,1.0,0.6482912620405356,0.9288888888888889,0.9866666666666667,1.0,0.4166543944945766,0.5119218230247498,2.0,1.0,1.0,0.9457013574660633
pythia-410m,medium,draw_2,medium,True,0.9777777777777777,0.9955555555555555,0.9955555555555555,0.5542496593420704,0.9822222222222222,0.9955555555555555,0.9955555555555555,0.4671750341014316,0.32284730672836304,2.0,2.0,0.0,1.0045454545454546
pythia-410m,medium,draw_2,high,False,0.9911111111111112,0.9955555555555555,0.9955555555555555,0.5678719812124554,0.9777777777777777,0.9911111111111112,0.9955555555555555,0.4769042836336626,0.2621423006057739,2.0,3.0,1.0,0.9865470852017937
pythia-410m,medium,draw_2,very_high,False,0.9955555555555555,1.0,1.0,0.5137960833973355,0.9466666666666667,0.9911111111111112,0.9955555555555555,0.4135080356606179,0.32172220945358276,2.0,4.0,2.0,0.9508928571428572
pythia-410m,medium,draw_2,control,False,0.9911111111111112,1.0,1.0,0.5203929616842005,0.9644444444444444,0.9911111111111112,0.9955555555555555,0.4359350895219379,0.3132719099521637,2.0,,,0.9730941704035874
pythia-410m,medium,draw_3,low,False,0.9866666666666667,1.0,1.0,0.6203534630189339,0.9555555555555556,1.0,1.0,0.4676636129617691,0.3745094835758209,2.0,1.0,1.0,0.9684684684684685
pythia-410m,medium,draw_3,medium,True,0.9911111111111112,1.0,1.0,0.5758409050934844,0.9644444444444444,0.9955555555555555,0.9955555555555555,0.4764425334479246,0.29268622398376465,2.0,2.0,0.0,0.9730941704035874
pythia-410m,medium,draw_3,high,False,0.9955555555555555,1.0,1.0,0.5632475663390425,0.9911111111111112,1.0,1.0,0.49624845906264253,0.2759475111961365,2.0,3.0,1.0,0.9955357142857144
pythia-410m,medium,draw_3,very_high,False,0.9955555555555555,1.0,1.0,0.5304606971641381,0.9466666666666667,0.9822222222222222,0.9911111111111112,0.4528380627185106,0.30585595965385437,2.0,4.0,2.0,0.9508928571428572
pythia-410m,medium,draw_3,control,False,0.9866666666666667,1.0,1.0,0.5480385847058561,0.9555555555555556,0.9955555555555555,0.9955555555555555,0.492017738269642,0.3094072639942169,2.0,,,0.9684684684684685
pythia-410m,high,draw_1,low,False,0.9777777777777777,1.0,1.0,0.5996535450716813,0.8977777777777778,0.9733333333333334,0.9822222222222222,0.34523305029543633,0.6178781390190125,3.0,1.0,2.0,0.9181818181818182
pythia-410m,high,draw_1,medium,False,0.9911111111111112,1.0,1.0,0.5878088428742356,0.9688888888888889,1.0,1.0,0.4726665608088175,0.37565723061561584,3.0,2.0,1.0,0.9775784753363228
pythia-410m,high,draw_1,high,True,0.9911111111111112,1.0,1.0,0.5613615916338232,0.9688888888888889,0.9955555555555555,0.9955555555555555,0.5084006221380292,0.31803828477859497,3.0,3.0,0.0,0.9775784753363228
pythia-410m,high,draw_1,very_high,False,0.9822222222222222,1.0,1.0,0.534307011100981,0.9466666666666667,0.9911111111111112,0.9955555555555555,0.4446016683946881,0.31792116165161133,3.0,4.0,1.0,0.9638009049773756
pythia-410m,high,draw_1,control,False,0.9911111111111112,1.0,1.0,0.509243270204299,0.9511111111111111,0.9955555555555555,0.9955555555555555,0.4488961977304684,0.3294990658760071,3.0,,,0.9596412556053812
pythia-410m,high,draw_2,low,False,0.9822222222222222,1.0,1.0,0.6482912620405356,0.9244444444444444,0.9866666666666667,0.9911111111111112,0.3729064399060897,0.5873337388038635,3.0,1.0,2.0,0.9411764705882353
pythia-410m,high,draw_2,medium,False,0.9777777777777777,0.9955555555555555,0.9955555555555555,0.5542496593420704,0.9733333333333334,0.9955555555555555,1.0,0.4508155711486729,0.3147773742675781,3.0,2.0,1.0,0.9954545454545456
pythia-410m,high,draw_2,high,True,0.9911111111111112,0.9955555555555555,0.9955555555555555,0.5678719812124554,0.9555555555555556,0.9866666666666667,0.9955555555555555,0.48652564466077214,0.22802148759365082,3.0,3.0,0.0,0.9641255605381166
pythia-410m,high,draw_2,very_high,False,0.9955555555555555,1.0,1.0,0.5137960833973355,0.9644444444444444,0.9911111111111112,0.9911111111111112,0.4658134695266684,0.2632336914539337,3.0,4.0,1.0,0.96875
pythia-410m,high,draw_2,control,False,0.9911111111111112,1.0,1.0,0.5203929616842005,0.96,0.9955555555555555,1.0,0.49782326964040596,0.2748456299304962,3.0,,,0.9686098654708519
pythia-410m,high,draw_3,low,False,0.9866666666666667,1.0,1.0,0.6203534630189339,0.9111111111111111,0.9866666666666667,0.9911111111111112,0.3652975345123559,0.6026239991188049,3.0,1.0,2.0,0.9234234234234234
pythia-410m,high,draw_3,medium,False,0.9911111111111112,1.0,1.0,0.5758409050934844,0.9555555555555556,0.9777777777777777,0.9866666666666667,0.40960205152837764,0.427922785282135,3.0,2.0,1.0,0.9641255605381166
pythia-410m,high,draw_3,high,True,0.9955555555555555,1.0,1.0,0.5632475663390425,0.9777777777777777,0.9955555555555555,1.0,0.46394302123950587,0.27852538228034973,3.0,3.0,0.0,0.9821428571428571
pythia-410m,high,draw_3,very_high,False,0.9955555555555555,1.0,1.0,0.5304606971641381,0.9466666666666667,0.9822222222222222,0.9911111111111112,0.41853059931865166,0.319825142621994,3.0,4.0,1.0,0.9508928571428572
pythia-410m,high,draw_3,control,False,0.9866666666666667,1.0,1.0,0.5480385847058561,0.9333333333333333,0.9955555555555555,0.9955555555555555,0.45595398992403513,0.3512479066848755,3.0,,,0.9459459459459459
pythia-410m,very_high,draw_1,low,False,0.9777777777777777,1.0,1.0,0.5996535450716813,0.8622222222222222,0.9511111111111111,0.9644444444444444,0.19574134045914332,1.0010298490524292,4.0,1.0,3.0,0.8818181818181818
pythia-410m,very_high,draw_1,medium,False,0.9911111111111112,1.0,1.0,0.5878088428742356,0.9688888888888889,0.9955555555555555,1.0,0.31366041781173815,0.5255745053291321,4.0,2.0,2.0,0.9775784753363228
pythia-410m,very_high,draw_1,high,False,0.9911111111111112,1.0,1.0,0.5613615916338232,0.96,0.9955555555555555,0.9955555555555555,0.4184037890370625,0.36172547936439514,4.0,3.0,1.0,0.9686098654708519
pythia-410m,very_high,draw_1,very_high,True,0.9822222222222222,1.0,1.0,0.534307011100981,0.9555555555555556,0.9866666666666667,0.9955555555555555,0.4272918336672915,0.320374459028244,4.0,4.0,0.0,0.9728506787330318
pythia-410m,very_high,draw_1,control,False,0.9911111111111112,1.0,1.0,0.509243270204299,0.9466666666666667,0.9911111111111112,0.9955555555555555,0.3886103360660167,0.36120307445526123,4.0,,,0.9551569506726457
pythia-410m,very_high,draw_2,low,False,0.9822222222222222,1.0,1.0,0.6482912620405356,0.8933333333333333,0.9688888888888889,0.9733333333333334,0.20946084815879457,1.1044620275497437,4.0,1.0,3.0,0.9095022624434389
pythia-410m,very_high,draw_2,medium,False,0.9777777777777777,0.9955555555555555,0.9955555555555555,0.5542496593420704,0.9333333333333333,0.9911111111111112,1.0,0.29794288270485897,0.5907689332962036,4.0,2.0,2.0,0.9545454545454546
pythia-410m,very_high,draw_2,high,False,0.9911111111111112,0.9955555555555555,0.9955555555555555,0.5678719812124554,0.9644444444444444,0.9955555555555555,0.9955555555555555,0.41003724890049653,0.3552509546279907,4.0,3.0,1.0,0.9730941704035874
pythia-410m,very_high,draw_2,very_high,True,0.9955555555555555,1.0,1.0,0.5137960833973355,0.9555555555555556,0.9866666666666667,1.0,0.43864552484411334,0.31945592164993286,4.0,4.0,0.0,0.9598214285714286
pythia-410m,very_high,draw_2,control,False,0.9911111111111112,1.0,1.0,0.5203929616842005,0.9644444444444444,0.9911111111111112,1.0,0.43580050981914004,0.31845995783805847,4.0,,,0.9730941704035874
pythia-410m,very_high,draw_3,low,False,0.9866666666666667,1.0,1.0,0.6203534630189339,0.8355555555555556,0.9644444444444444,0.9822222222222222,0.2382485749466448,1.0008708238601685,4.0,1.0,3.0,0.8468468468468469
pythia-410m,very_high,draw_3,medium,False,0.9911111111111112,1.0,1.0,0.5758409050934844,0.8844444444444445,0.9644444444444444,0.9866666666666667,0.28028505795712894,0.7093549966812134,4.0,2.0,2.0,0.8923766816143498
pythia-410m,very_high,draw_3,high,False,0.9955555555555555,1.0,1.0,0.5632475663390425,0.9822222222222222,0.9955555555555555,0.9955555555555555,0.37528966932454044,0.3911881744861603,4.0,3.0,1.0,0.9866071428571429
pythia-410m,very_high,draw_3,very_high,True,0.9955555555555555,1.0,1.0,0.5304606971641381,0.9777777777777777,0.9911111111111112,0.9911111111111112,0.41891250318123235,0.31623929738998413,4.0,4.0,0.0,0.9821428571428571
pythia-410m,very_high,draw_3,control,False,0.9866666666666667,1.0,1.0,0.5480385847058561,0.9822222222222222,0.9955555555555555,0.9955555555555555,0.4261645578582668,0.36083853244781494,4.0,,,0.9954954954954954
pythia-410m,control,draw_1,low,False,0.9777777777777777,1.0,1.0,0.5996535450716813,0.8711111111111111,0.96,0.9688888888888889,0.23206069764306045,0.8693108558654785,,1.0,,0.8909090909090909
pythia-410m,control,draw_1,medium,False,0.9911111111111112,1.0,1.0,0.5878088428742356,0.9644444444444444,0.9955555555555555,1.0,0.3758049177709553,0.4344498813152313,,2.0,,0.9730941704035874
pythia-410m,control,draw_1,high,False,0.9911111111111112,1.0,1.0,0.5613615916338232,0.9688888888888889,0.9955555555555555,0.9955555555555555,0.47564909221242285,0.31278499960899353,,3.0,,0.9775784753363228
pythia-410m,control,draw_1,very_high,False,0.9822222222222222,1.0,1.0,0.534307011100981,0.9555555555555556,0.9822222222222222,0.9866666666666667,0.452118925351234,0.31436482071876526,,4.0,,0.9728506787330318
pythia-410m,control,draw_1,control,True,0.9911111111111112,1.0,1.0,0.509243270204299,0.9644444444444444,0.9955555555555555,1.0,0.40945577109232545,0.3211907148361206,,,,0.9730941704035874
pythia-410m,control,draw_2,low,False,0.9822222222222222,1.0,1.0,0.6482912620405356,0.8977777777777778,0.9777777777777777,0.9911111111111112,0.2583451132238325,0.9265515208244324,,1.0,,0.9140271493212669
pythia-410m,control,draw_2,medium,False,0.9777777777777777,0.9955555555555555,0.9955555555555555,0.5542496593420704,0.9511111111111111,0.9955555555555555,1.0,0.35437888236302467,0.45772233605384827,,2.0,,0.9727272727272728
pythia-410m,control,draw_2,high,False,0.9911111111111112,0.9955555555555555,0.9955555555555555,0.5678719812124554,0.9555555555555556,0.9866666666666667,0.9911111111111112,0.3978358585992828,0.3814183175563812,,3.0,,0.9641255605381166
pythia-410m,control,draw_2,very_high,False,0.9955555555555555,1.0,1.0,0.5137960833973355,0.9466666666666667,0.9866666666666667,0.9911111111111112,0.381336951268216,0.3295454680919647,,4.0,,0.9508928571428572
pythia-410m,control,draw_2,control,True,0.9911111111111112,1.0,1.0,0.5203929616842005,0.9644444444444444,0.9955555555555555,0.9955555555555555,0.4164749483940088,0.33078327775001526,,,,0.9730941704035874
pythia-410m,control,draw_3,low,False,0.9866666666666667,1.0,1.0,0.6203534630189339,0.9244444444444444,0.9733333333333334,0.9822222222222222,0.27434380158031774,0.8082091212272644,,1.0,,0.9369369369369369
pythia-410m,control,draw_3,medium,False,0.9911111111111112,1.0,1.0,0.5758409050934844,0.9377777777777778,0.9955555555555555,0.9955555555555555,0.3344440923931284,0.49360391497612,,2.0,,0.9461883408071748
pythia-410m,control,draw_3,high,False,0.9955555555555555,1.0,1.0,0.5632475663390425,0.9777777777777777,1.0,1.0,0.43013370431131787,0.3248836398124695,,3.0,,0.9821428571428571
pythia-410m,control,draw_3,very_high,False,0.9955555555555555,1.0,1.0,0.5304606971641381,0.9511111111111111,0.9955555555555555,0.9955555555555555,0.4330695729428488,0.28976449370384216,,4.0,,0.9553571428571429
pythia-410m,control,draw_3,control,True,0.9866666666666667,1.0,1.0,0.5480385847058561,0.9777777777777777,0.9911111111111112,0.9955555555555555,0.46962013725657015,0.2991999685764313,,,,0.990990990990991
pythia-1b,low,draw_1,low,True,0.9733333333333334,0.9911111111111112,1.0,0.6486520578339696,0.8577777777777778,0.9733333333333334,0.9733333333333334,0.4549414214315928,0.6977086067199707,1.0,1.0,0.0,0.8812785388127853
pythia-1b,low,draw_1,medium,False,0.9955555555555555,0.9955555555555555,0.9955555555555555,0.7119618662158609,0.9377777777777778,0.9822222222222222,0.9866666666666667,0.5959604147288742,0.5251172184944153,1.0,2.0,1.0,0.9419642857142858
pythia-1b,low,draw_1,high,False,0.9822222222222222,1.0,1.0,0.6321504560361306,0.9244444444444444,0.9866666666666667,0.9866666666666667,0.5915294886760724,0.5903612971305847,1.0,3.0,2.0,0.9411764705882353
pythia-1b,low,draw_1,very_high,False,0.9866666666666667,1.0,1.0,0.5815671476225058,0.9066666666666666,0.9777777777777777,0.9955555555555555,0.5191178572695289,0.5799968838691711,1.0,4.0,3.0,0.9189189189189189
pythia-1b,low,draw_1,control,False,0.9866666666666667,1.0,1.0,0.6104180916895469,0.9155555555555556,0.9866666666666667,0.9866666666666667,0.5014752966951993,0.6340110898017883,1.0,,,0.9279279279279279
pythia-1b,low,draw_2,low,True,0.9777777777777777,0.9911111111111112,0.9955555555555555,0.6964178396290582,0.9377777777777778,0.9911111111111112,0.9911111111111112,0.5660179208369098,0.5552815794944763,1.0,1.0,0.0,0.9590909090909092
pythia-1b,low,draw_2,medium,False,0.9777777777777777,1.0,1.0,0.6889884225403269,0.9511111111111111,0.9866666666666667,0.9955555555555555,0.6242852493561805,0.46412068605422974,1.0,2.0,1.0,0.9727272727272728
pythia-1b,low,draw_2,high,False,1.0,1.0,1.0,0.6756125281751156,0.9466666666666667,0.9866666666666667,0.9911111111111112,0.5766844930466161,0.486392617225647,1.0,3.0,2.0,0.9466666666666667
pythia-1b,low,draw_2,very_high,False,0.9911111111111112,1.0,1.0,0.6167628332641389,0.9066666666666666,0.9866666666666667,0.9911111111111112,0.448564174088339,0.5468037724494934,1.0,4.0,3.0,0.9147982062780268
pythia-1b,low,draw_2,control,False,0.9955555555555555,1.0,1.0,0.6253951636287901,0.92,0.9777777777777777,0.9866666666666667,0.5221434607835383,0.5219163298606873,1.0,,,0.9241071428571429
pythia-1b,low,draw_3,low,True,0.9777777777777777,0.9911111111111112,1.0,0.6642585176891751,0.92,0.9866666666666667,0.9911111111111112,0.5748797462160473,0.6099830865859985,1.0,1.0,0.0,0.940909090909091
pythia-1b,low,draw_3,medium,False,0.9955555555555555,1.0,1.0,0.6768700501653884,0.9333333333333333,0.9866666666666667,0.9911111111111112,0.6056122253473021,0.5534865260124207,1.0,2.0,1.0,0.9375
pythia-1b,low,draw_3,high,False,0.9866666666666667,0.9955555555555555,1.0,0.6723688594996929,0.96,0.9955555555555555,0.9955555555555555,0.6415773346606228,0.5076249241828918,1.0,3.0,2.0,0.9729729729729729
pythia-1b,low,draw_3,very_high,False,0.9955555555555555,1.0,1.0,0.5803758086305526,0.9111111111111111,0.9911111111111112,0.9955555555555555,0.49502087351762586,0.6271336674690247,1.0,4.0,3.0,0.9151785714285714
pythia-1b,low,draw_3,control,False,0.9866666666666667,1.0,1.0,0.6365445213350984,0.9511111111111111,0.9911111111111112,0.9911111111111112,0.560341221133454,0.5633398294448853,1.0,,,0.963963963963964
pythia-1b,medium,draw_1,low,False,0.9733333333333334,0.9911111111111112,1.0,0.6486520578339696,0.9111111111111111,0.9911111111111112,0.9911111111111112,0.45168538165899613,0.549806535243988,2.0,1.0,1.0,0.9360730593607305
pythia-1b,medium,draw_1,medium,True,0.9955555555555555,0.9955555555555555,0.9955555555555555,0.7119618662158609,0.9466666666666667,0.9866666666666667,0.9911111111111112,0.5310646339873266,0.5399011373519897,2.0,2.0,0.0,0.9508928571428572
pythia-1b,medium,draw_1,high,False,0.9822222222222222,1.0,1.0,0.6321504560361306,0.9288888888888889,0.9777777777777777,0.9866666666666667,0.5089251187024638,0.5128744840621948,2.0,3.0,1.0,0.9457013574660633
pythia-1b,medium,draw_1,very_high,False,0.9866666666666667,1.0,1.0,0.5815671476225058,0.9155555555555556,0.9688888888888889,0.9822222222222222,0.46334016537500755,0.5539860725402832,2.0,4.0,2.0,0.9279279279279279
pythia-1b,medium,draw_1,control,False,0.9866666666666667,1.0,1.0,0.6104180916895469,0.9288888888888889,0.9777777777777777,0.9866666666666667,0.4749448693046967,0.544260561466217,2.0,,,0.9414414414414414
pythia-1b,medium,draw_2,low,False,0.9777777777777777,0.9911111111111112,0.9955555555555555,0.6964178396290582,0.9066666666666666,0.9733333333333334,0.9777777777777777,0.4359035830330362,0.7336370348930359,2.0,1.0,1.0,0.9272727272727272
pythia-1b,medium,draw_2,medium,True,0.9777777777777777,1.0,1.0,0.6889884225403269,0.9288888888888889,0.9911111111111112,0.9955555555555555,0.5734435796209921,0.5246813893318176,2.0,2.0,0.0,0.9500000000000001
pythia-1b,medium,draw_2,high,False,1.0,1.0,1.0,0.6756125281751156,0.9377777777777778,0.9822222222222222,0.9866666666666667,0.6040950689325594,0.443813294172287,2.0,3.0,1.0,0.9377777777777778
pythia-1b,medium,draw_2,very_high,False,0.9911111111111112,1.0,1.0,0.6167628332641389,0.9111111111111111,0.9911111111111112,1.0,0.5546189770806167,0.477254182100296,2.0,4.0,2.0,0.9192825112107622
pythia-1b,medium,draw_2,control,False,0.9955555555555555,1.0,1.0,0.6253951636287901,0.9333333333333333,0.9911111111111112,0.9955555555555555,0.5709895052212394,0.5230810046195984,2.0,,,0.9375
pythia-1b,medium,draw_3,low,False,0.9777777777777777,0.9911111111111112,1.0,0.6642585176891751,0.9066666666666666,0.9688888888888889,0.9822222222222222,0.43451987932193437,0.7395058274269104,2.0,1.0,1.0,0.9272727272727272
pythia-1b,medium,draw_3,medium,True,0.9955555555555555,1.0,1.0,0.6768700501653884,0.9288888888888889,0.9866666666666667,0.9866666666666667,0.531962511018436,0.5699511170387268,2.0,2.0,0.0,0.9330357142857143
pythia-1b,medium,draw_3,high,False,0.9866666666666667,0.9955555555555555,1.0,0.6723688594996929,0.9466666666666667,0.9777777777777777,0.9866666666666667,0.5854457196634677,0.48719701170921326,2.0,3.0,1.0,0.9594594594594594
pythia-1b,medium,draw_3,very_high,False,0.9955555555555555,1.0,1.0,0.5803758086305526,0.9066666666666666,0.9733333333333334,0.9955555555555555,0.5124387298338116,0.5545259714126587,2.0,4.0,2.0,0.9107142857142857
pythia-1b,medium,draw_3,control,False,0.9866666666666667,1.0,1.0,0.6365445213350984,0.9466666666666667,0.9955555555555555,0.9955555555555555,0.5513355628235472,0.5069529414176941,2.0,,,0.9594594594594594
pythia-1b,high,draw_1,low,False,0.9733333333333334,0.9911111111111112,1.0,0.6486520578339696,0.8577777777777778,0.96,0.9733333333333334,0.37666923601025093,0.706065833568573,3.0,1.0,2.0,0.8812785388127853
pythia-1b,high,draw_1,medium,False,0.9955555555555555,0.9955555555555555,0.9955555555555555,0.7119618662158609,0.9244444444444444,0.9777777777777777,0.9866666666666667,0.4882897846110993,0.5364776849746704,3.0,2.0,1.0,0.9285714285714286
pythia-1b,high,draw_1,high,True,0.9822222222222222,1.0,1.0,0.6321504560361306,0.9155555555555556,0.9866666666666667,0.9911111111111112,0.49966870501016575,0.5099473595619202,3.0,3.0,0.0,0.9321266968325792
pythia-1b,high,draw_1,very_high,False,0.9866666666666667,1.0,1.0,0.5815671476225058,0.9377777777777778,0.9866666666666667,0.9911111111111112,0.5162776874362801,0.4579238295555115,3.0,4.0,1.0,0.9504504504504505
pythia-1b,high,draw_1,control,False,0.9866666666666667,1.0,1.0,0.6104180916895469,0.9288888888888889,0.9822222222222222,0.9911111111111112,0.5147836812223411,0.5043467879295349,3.0,,,0.9414414414414414
pythia-1b,high,draw_2,low,False,0.9777777777777777,0.9911111111111112,0.9955555555555555,0.6964178396290582,0.8755555555555555,0.9866666666666667,0.9911111111111112,0.3062950029149134,1.007656216621399,3.0,1.0,2.0,0.8954545454545455
pythia-1b,high,draw_2,medium,False,0.9777777777777777,1.0,1.0,0.6889884225403269,0.9155555555555556,0.9911111111111112,0.9911111111111112,0.4854090130691313,0.6223791837692261,3.0,2.0,1.0,0.9363636363636364
pythia-1b,high,draw_2,high,True,1.0,1.0,1.0,0.6756125281751156,0.9422222222222222,0.9822222222222222,0.9866666666666667,0.569808676761782,0.44052353501319885,3.0,3.0,0.0,0.9422222222222222
pythia-1b,high,draw_2,very_high,False,0.9911111111111112,1.0,1.0,0.6167628332641389,0.9244444444444444,0.9955555555555555,1.0,0.5598111562927564,0.41913336515426636,3.0,4.0,1.0,0.9327354260089685
pythia-1b,high,draw_2,control,False,0.9955555555555555,1.0,1.0,0.6253951636287901,0.9288888888888889,0.9777777777777777,0.9866666666666667,0.5840543056835628,0.5332531332969666,3.0,,,0.9330357142857143
pythia-1b,high,draw_3,low,False,0.9777777777777777,0.9911111111111112,1.0,0.6642585176891751,0.88,0.9644444444444444,0.9777777777777777,0.4308618168717011,0.7518020272254944,3.0,1.0,2.0,0.9
pythia-1b,high,draw_3,medium,False,0.9955555555555555,1.0,1.0,0.6768700501653884,0.92,0.9733333333333334,0.9777777777777777,0.5135497372369799,0.6160120964050293,3.0,2.0,1.0,0.9241071428571429
pythia-1b,high,draw_3,high,True,0.9866666666666667,0.9955555555555555,1.0,0.6723688594996929,0.9511111111111111,0.9911111111111112,0.9955555555555555,0.6036343111315121,0.4479084014892578,3.0,3.0,0.0,0.963963963963964
pythia-1b,high,draw_3,very_high,False,0.9955555555555555,1.0,1.0,0.5803758086305526,0.9377777777777778,0.9911111111111112,1.0,0.5623404111299249,0.4928869605064392,3.0,4.0,1.0,0.9419642857142858
pythia-1b,high,draw_3,control,False,0.9866666666666667,1.0,1.0,0.6365445213350984,0.9688888888888889,1.0,1.0,0.6045608938154247,0.4113972783088684,3.0,,,0.9819819819819819
pythia-1b,very_high,draw_1,low,False,0.9733333333333334,0.9911111111111112,1.0,0.6486520578339696,0.6222222222222222,0.8177777777777778,0.8622222222222222,0.11161359825533711,1.888899564743042,4.0,1.0,3.0,0.639269406392694
pythia-1b,very_high,draw_1,medium,False,0.9955555555555555,0.9955555555555555,0.9955555555555555,0.7119618662158609,0.8,0.9244444444444444,0.9377777777777778,0.2351654452068356,1.321090579032898,4.0,2.0,2.0,0.8035714285714286
pythia-1b,very_high,draw_1,high,False,0.9822222222222222,1.0,1.0,0.6321504560361306,0.8933333333333333,0.9644444444444444,0.9777777777777777,0.3489738081462888,0.726457417011261,4.0,3.0,1.0,0.9095022624434389
pythia-1b,very_high,draw_1,very_high,True,0.9866666666666667,1.0,1.0,0.5815671476225058,0.9288888888888889,0.9777777777777777,0.9822222222222222,0.4249226952685664,0.5041481852531433,4.0,4.0,0.0,0.9414414414414414
pythia-1b,very_high,draw_1,control,False,0.9866666666666667,1.0,1.0,0.6104180916895469,0.8933333333333333,0.9822222222222222,0.9866666666666667,0.3811428922254385,0.6881709098815918,4.0,,,0.9054054054054054
pythia-1b,very_high,draw_2,low,False,0.9777777777777777,0.9911111111111112,0.9955555555555555,0.6964178396290582,0.6933333333333334,0.9111111111111111,0.9511111111111111,0.13685543777873843,1.8348824977874756,4.0,1.0,3.0,0.7090909090909091
pythia-1b,very_high,draw_2,medium,False,0.9777777777777777,1.0,1.0,0.6889884225403269,0.8266666666666667,0.96,0.9777777777777777,0.28365051252663964,1.1600843667984009,4.0,2.0,2.0,0.8454545454545455
pythia-1b,very_high,draw_2,high,False,1.0,1.0,1.0,0.6756125281751156,0.9377777777777778,0.9822222222222222,0.9911111111111112,0.39227013746431716,0.6511618494987488,4.0,3.0,1.0,0.9377777777777778
pythia-1b,very_high,draw_2,very_high,True,0.9911111111111112,1.0,1.0,0.6167628332641389,0.9466666666666667,0.9955555555555555,1.0,0.4725354749833544,0.4560651481151581,4.0,4.0,0.0,0.9551569506726457
pythia-1b,very_high,draw_2,control,False,0.9955555555555555,1.0,1.0,0.6253951636287901,0.9377777777777778,0.9911111111111112,1.0,0.47936672715677153,0.5372923016548157,4.0,,,0.9419642857142858
pythia-1b,very_high,draw_3,low,False,0.9777777777777777,0.9911111111111112,1.0,0.6642585176891751,0.8,0.9377777777777778,0.9511111111111111,0.23088817063162828,1.3169993162155151,4.0,1.0,3.0,0.8181818181818182
pythia-1b,very_high,draw_3,medium,False,0.9955555555555555,1.0,1.0,0.6768700501653884,0.8933333333333333,0.9688888888888889,0.9733333333333334,0.3307346823874266,0.9849111437797546,4.0,2.0,2.0,0.8973214285714286
pythia-1b,very_high,draw_3,high,False,0.9866666666666667,0.9955555555555555,1.0,0.6723688594996929,0.9288888888888889,0.9733333333333334,0.9822222222222222,0.46800586869940164,0.6586127281188965,4.0,3.0,1.0,0.9414414414414414
pythia-1b,very_high,draw_3,very_high,True,0.9955555555555555,1.0,1.0,0.5803758086305526,0.9333333333333333,0.9822222222222222,0.9866666666666667,0.478205791345487,0.480319619178772,4.0,4.0,0.0,0.9375
pythia-1b,very_high,draw_3,control,False,0.9866666666666667,1.0,1.0,0.6365445213350984,0.9466666666666667,0.9866666666666667,0.9911111111111112,0.5426357913984814,0.5171961784362793,4.0,,,0.9594594594594594
pythia-1b,control,draw_1,low,False,0.9733333333333334,0.9911111111111112,1.0,0.6486520578339696,0.8133333333333334,0.9155555555555556,0.9555555555555556,0.24055368729983456,1.1828880310058594,,1.0,,0.8356164383561644
pythia-1b,control,draw_1,medium,False,0.9955555555555555,0.9955555555555555,0.9955555555555555,0.7119618662158609,0.9066666666666666,0.9688888888888889,0.9688888888888889,0.41537211366851506,0.8442651629447937,,2.0,,0.9107142857142857
pythia-1b,control,draw_1,high,False,0.9822222222222222,1.0,1.0,0.6321504560361306,0.9022222222222223,0.9822222222222222,0.9866666666666667,0.4548780498441516,0.5817869305610657,,3.0,,0.9185520361990951
pythia-1b,control,draw_1,very_high,False,0.9866666666666667,1.0,1.0,0.5815671476225058,0.9688888888888889,0.9955555555555555,0.9955555555555555,0.4922895399894979,0.48138147592544556,,4.0,,0.9819819819819819
pythia-1b,control,draw_1,control,True,0.9866666666666667,1.0,1.0,0.6104180916895469,0.9422222222222222,0.9822222222222222,0.9866666666666667,0.47915719053811495,0.5651128888130188,,,,0.9549549549549549
pythia-1b,control,draw_2,low,False,0.9777777777777777,0.9911111111111112,0.9955555555555555,0.6964178396290582,0.8355555555555556,0.9466666666666667,0.9644444444444444,0.28595973642866335,1.1175252199172974,,1.0,,0.8545454545454546
pythia-1b,control,draw_2,medium,False,0.9777777777777777,1.0,1.0,0.6889884225403269,0.8977777777777778,0.9733333333333334,0.9911111111111112,0.44614227410095436,0.7129852175712585,,2.0,,0.9181818181818182
pythia-1b,control,draw_2,high,False,1.0,1.0,1.0,0.6756125281751156,0.9244444444444444,0.9822222222222222,0.9822222222222222,0.4831481457008825,0.4732125699520111,,3.0,,0.9244444444444444
pythia-1b,control,draw_2,very_high,False,0.9911111111111112,1.0,1.0,0.6167628332641389,0.9155555555555556,0.9911111111111112,0.9955555555555555,0.47006145204313926,0.4535309374332428,,4.0,,0.9237668161434978
pythia-1b,control,draw_2,control,True,0.9955555555555555,1.0,1.0,0.6253951636287901,0.9377777777777778,0.9866666666666667,0.9955555555555555,0.4934988881068097,0.518681526184082,,,,0.9419642857142858
pythia-1b,control,draw_3,low,False,0.9777777777777777,0.9911111111111112,1.0,0.6642585176891751,0.7955555555555556,0.9244444444444444,0.9422222222222222,0.266706844427676,1.198541283607483,,1.0,,0.8136363636363637
pythia-1b,control,draw_3,medium,False,0.9955555555555555,1.0,1.0,0.6768700501653884,0.8755555555555555,0.9644444444444444,0.9688888888888889,0.35213735817181363,0.8486031293869019,,2.0,,0.8794642857142857
pythia-1b,control,draw_3,high,False,0.9866666666666667,0.9955555555555555,1.0,0.6723688594996929,0.9244444444444444,0.9777777777777777,0.9911111111111112,0.48465974097450576,0.587593674659729,,3.0,,0.9369369369369369
pythia-1b,control,draw_3,very_high,False,0.9955555555555555,1.0,1.0,0.5803758086305526,0.9466666666666667,0.9866666666666667,0.9911111111111112,0.49655973432171674,0.4396064579486847,,4.0,,0.9508928571428572
pythia-1b,control,draw_3,control,True,0.9866666666666667,1.0,1.0,0.6365445213350984,0.9422222222222222,0.9866666666666667,0.9955555555555555,0.5419881422238217,0.4286583960056305,,,,0.9549549549549549
pythia-1.4b,low,draw_1,low,True,0.9466666666666667,1.0,1.0,0.5388193902745843,0.8177777777777778,0.9555555555555556,0.9688888888888889,0.40188950584787464,0.5810007452964783,1.0,1.0,0.0,0.863849765258216
pythia-1.4b,low,draw_1,medium,False,0.9688888888888889,0.9911111111111112,0.9955555555555555,0.5340934714799126,0.9155555555555556,0.9688888888888889,0.9911111111111112,0.4551875370695618,0.5300153493881226,1.0,2.0,1.0,0.944954128440367
pythia-1.4b,low,draw_1,high,False,0.9777777777777777,1.0,1.0,0.532564741604858,0.9377777777777778,0.9911111111111112,0.9955555555555555,0.4549151615513903,0.47303885221481323,1.0,3.0,2.0,0.9590909090909092
pythia-1.4b,low,draw_1,very_high,False,0.9866666666666667,0.9911111111111112,0.9955555555555555,0.5436895051826206,0.8888888888888888,0.9644444444444444,0.9822222222222222,0.3928655353799048,0.5772234797477722,1.0,4.0,3.0,0.9009009009009008
pythia-1.4b,low,draw_1,control,False,0.9866666666666667,0.9955555555555555,0.9955555555555555,0.53978352716115,0.9022222222222223,0.9777777777777777,0.9866666666666667,0.4194938707812172,0.5730505585670471,1.0,,,0.9144144144144144
pythia-1.4b,low,draw_2,low,True,0.9688888888888889,0.9955555555555555,0.9955555555555555,0.5839033646384875,0.8044444444444444,0.96,0.9777777777777777,0.32533819511688006,0.7107469439506531,1.0,1.0,0.0,0.8302752293577981
pythia-1.4b,low,draw_2,medium,False,0.9733333333333334,0.9911111111111112,1.0,0.5665293139902254,0.8755555555555555,0.9688888888888889,0.9822222222222222,0.375678804028624,0.5566462874412537,1.0,2.0,1.0,0.8995433789954337
pythia-1.4b,low,draw_2,high,False,0.9911111111111112,0.9955555555555555,0.9955555555555555,0.5600835293742259,0.9244444444444444,0.9955555555555555,0.9955555555555555,0.40257104620803147,0.46291592717170715,1.0,3.0,2.0,0.9327354260089685
pythia-1.4b,low,draw_2,very_high,False,1.0,1.0,1.0,0.5676874696214994,0.8977777777777778,0.9466666666666667,0.9733333333333334,0.3884805315087498,0.5202288031578064,1.0,4.0,3.0,0.8977777777777778
pythia-1.4b,low,draw_2,control,False,0.9866666666666667,1.0,1.0,0.5466180947919687,0.9244444444444444,0.9822222222222222,0.9822222222222222,0.3963153410945476,0.550002932548523,1.0,,,0.9369369369369369
pythia-1.4b,low,draw_3,low,True,0.96,1.0,1.0,0.5533795586269763,0.7733333333333333,0.9333333333333333,0.96,0.41709276451270044,0.6475886106491089,1.0,1.0,0.0,0.8055555555555556
pythia-1.4b,low,draw_3,medium,False,0.9688888888888889,0.9955555555555555,1.0,0.5652063192427158,0.8888888888888888,0.9822222222222222,0.9866666666666667,0.47935430494188846,0.4958246648311615,1.0,2.0,1.0,0.9174311926605504
pythia-1.4b,low,draw_3,high,False,1.0,1.0,1.0,0.5556183637678623,0.9155555555555556,0.9777777777777777,0.9866666666666667,0.4948369975382876,0.48346424102783203,1.0,3.0,2.0,0.9155555555555556
pythia-1.4b,low,draw_3,very_high,False,0.9955555555555555,1.0,1.0,0.5426028347677655,0.9422222222222222,0.9955555555555555,1.0,0.4706388585973117,0.4349062442779541,1.0,4.0,3.0,0.9464285714285714
pythia-1.4b,low,draw_3,control,False,0.9777777777777777,0.9911111111111112,1.0,0.5580610220775836,0.9422222222222222,0.9822222222222222,0.9866666666666667,0.48848561819655717,0.48064011335372925,1.0,,,0.9636363636363636
pythia-1.4b,medium,draw_1,low,False,0.9466666666666667,1.0,1.0,0.5388193902745843,0.8,0.9333333333333333,0.9644444444444444,0.2978810151522824,0.7397181987762451,2.0,1.0,1.0,0.8450704225352114
pythia-1.4b,medium,draw_1,medium,True,0.9688888888888889,0.9911111111111112,0.9955555555555555,0.5340934714799126,0.8444444444444444,0.9733333333333334,0.9866666666666667,0.36904148143121146,0.6263484358787537,2.0,2.0,0.0,0.8715596330275229
pythia-1.4b,medium,draw_1,high,False,0.9777777777777777,1.0,1.0,0.532564741604858,0.9288888888888889,0.9911111111111112,0.9955555555555555,0.43356819792236717,0.46590036153793335,2.0,3.0,1.0,0.9500000000000001
pythia-1.4b,medium,draw_1,very_high,False,0.9866666666666667,0.9911111111111112,0.9955555555555555,0.5436895051826206,0.9066666666666666,0.9733333333333334,0.9822222222222222,0.44713026732465044,0.5073736310005188,2.0,4.0,2.0,0.9189189189189189
pythia-1.4b,medium,draw_1,control,False,0.9866666666666667,0.9955555555555555,0.9955555555555555,0.53978352716115,0.9111111111111111,0.9644444444444444,0.9733333333333334,0.42084046252944973,0.5655262470245361,2.0,,,0.9234234234234234
pythia-1.4b,medium,draw_2,low,False,0.9688888888888889,0.9955555555555555,0.9955555555555555,0.5839033646384875,0.8222222222222222,0.9644444444444444,0.9777777777777777,0.3137706587887886,0.7209059596061707,2.0,1.0,1.0,0.8486238532110091
pythia-1.4b,medium,draw_2,medium,True,0.9733333333333334,0.9911111111111112,1.0,0.5665293139902254,0.8622222222222222,0.9822222222222222,0.9822222222222222,0.4011054757930752,0.5268613696098328,2.0,2.0,0.0,0.8858447488584474
pythia-1.4b,medium,draw_2,high,False,0.9911111111111112,0.9955555555555555,0.9955555555555555,0.5600835293742259,0.9511111111111111,0.9866666666666667,0.9911111111111112,0.4737581089690017,0.4357241690158844,2.0,3.0,1.0,0.9596412556053812
pythia-1.4b,medium,draw_2,very_high,False,1.0,1.0,1.0,0.5676874696214994,0.9155555555555556,0.9777777777777777,0.9911111111111112,0.49012927289120856,0.47408467531204224,2.0,4.0,2.0,0.9155555555555556
pythia-1.4b,medium,draw_2,control,False,0.9866666666666667,1.0,1.0,0.5466180947919687,0.9377777777777778,0.9822222222222222,0.9911111111111112,0.4342501451778743,0.5189377069473267,2.0,,,0.9504504504504505
pythia-1.4b,medium,draw_3,low,False,0.96,1.0,1.0,0.5533795586269763,0.8044444444444444,0.9288888888888889,0.9422222222222222,0.3404086689621141,0.7562077045440674,2.0,1.0,1.0,0.8379629629629629
pythia-1.4b,medium,draw_3,medium,True,0.9688888888888889,0.9955555555555555,1.0,0.5652063192427158,0.8711111111111111,0.9688888888888889,0.9777777777777777,0.38674140000845203,0.5460251569747925,2.0,2.0,0.0,0.8990825688073394
pythia-1.4b,medium,draw_3,high,False,1.0,1.0,1.0,0.5556183637678623,0.9022222222222223,0.9688888888888889,0.9822222222222222,0.4509673842736002,0.5364120006561279,2.0,3.0,1.0,0.9022222222222223
pythia-1.4b,medium,draw_3,very_high,False,0.9955555555555555,1.0,1.0,0.5426028347677655,0.9377777777777778,0.9822222222222222,0.9955555555555555,0.4220166316566368,0.46221816539764404,2.0,4.0,2.0,0.9419642857142858
pythia-1.4b,medium,draw_3,control,False,0.9777777777777777,0.9911111111111112,1.0,0.5580610220775836,0.88,0.9733333333333334,0.9733333333333334,0.41993350321026,0.5882819294929504,2.0,,,0.9
pythia-1.4b,high,draw_1,low,False,0.9466666666666667,1.0,1.0,0.5388193902745843,0.6622222222222223,0.8888888888888888,0.9111111111111111,0.1704256220927022,1.051924228668213,3.0,1.0,2.0,0.699530516431925
pythia-1.4b,high,draw_1,medium,False,0.9688888888888889,0.9911111111111112,0.9955555555555555,0.5340934714799126,0.7911111111111111,0.9422222222222222,0.9733333333333334,0.2615095446679172,0.8261204957962036,3.0,2.0,1.0,0.8165137614678899
pythia-1.4b,high,draw_1,high,True,0.9777777777777777,1.0,1.0,0.532564741604858,0.8844444444444445,0.9911111111111112,0.9911111111111112,0.3910047067158545,0.5201826691627502,3.0,3.0,0.0,0.9045454545454547
pythia-1.4b,high,draw_1,very_high,False,0.9866666666666667,0.9911111111111112,0.9955555555555555,0.5436895051826206,0.9066666666666666,0.9688888888888889,0.9777777777777777,0.4177960609437691,0.5269192457199097,3.0,4.0,1.0,0.9189189189189189
pythia-1.4b,high,draw_1,control,False,0.9866666666666667,0.9955555555555555,0.9955555555555555,0.53978352716115,0.8577777777777778,0.96,0.9822222222222222,0.4025424608877963,0.5865000486373901,3.0,,,0.8693693693693694
pythia-1.4b,high,draw_2,low,False,0.9688888888888889,0.9955555555555555,0.9955555555555555,0.5839033646384875,0.76,0.9377777777777778,0.9644444444444444,0.2237982704605545,1.0448006391525269,3.0,1.0,2.0,0.7844036697247706
pythia-1.4b,high,draw_2,medium,False,0.9733333333333334,0.9911111111111112,1.0,0.5665293139902254,0.9066666666666666,0.9688888888888889,0.9822222222222222,0.358691632726566,0.6029593348503113,3.0,2.0,1.0,0.9315068493150684
pythia-1.4b,high,draw_2,high,True,0.9911111111111112,0.9955555555555555,0.9955555555555555,0.5600835293742259,0.9155555555555556,0.9911111111111112,0.9955555555555555,0.458267180231568,0.5084291696548462,3.0,3.0,0.0,0.9237668161434978
pythia-1.4b,high,draw_2,very_high,False,1.0,1.0,1.0,0.5676874696214994,0.9244444444444444,0.9822222222222222,0.9911111111111112,0.4806797380021049,0.428457647562027,3.0,4.0,1.0,0.9244444444444444
pythia-1.4b,high,draw_2,control,False,0.9866666666666667,1.0,1.0,0.5466180947919687,0.92,0.9777777777777777,0.9822222222222222,0.4705770585535922,0.5652803182601929,3.0,,,0.9324324324324325
pythia-1.4b,high,draw_3,low,False,0.96,1.0,1.0,0.5533795586269763,0.7155555555555555,0.9111111111111111,0.9422222222222222,0.19187951229302497,1.1097688674926758,3.0,1.0,2.0,0.7453703703703703
pythia-1.4b,high,draw_3,medium,False,0.9688888888888889,0.9955555555555555,1.0,0.5652063192427158,0.8311111111111111,0.9422222222222222,0.9555555555555556,0.2598840394321208,0.8354508280754089,3.0,2.0,1.0,0.8577981651376146
pythia-1.4b,high,draw_3,high,True,1.0,1.0,1.0,0.5556183637678623,0.8844444444444445,0.9866666666666667,0.9866666666666667,0.34682712722931885,0.5923548936843872,3.0,3.0,0.0,0.8844444444444445
pythia-1.4b,high,draw_3,very_high,False,0.9955555555555555,1.0,1.0,0.5426028347677655,0.9555555555555556,0.9911111111111112,0.9955555555555555,0.384587180448903,0.5109454989433289,3.0,4.0,1.0,0.9598214285714286
pythia-1.4b,high,draw_3,control,False,0.9777777777777777,0.9911111111111112,1.0,0.5580610220775836,0.92,0.9866666666666667,0.9911111111111112,0.39876790042203436,0.5490311980247498,3.0,,,0.940909090909091
pythia-1.4b,very_high,draw_1,low,False,0.9466666666666667,1.0,1.0,0.5388193902745843,0.5555555555555556,0.8311111111111111,0.8755555555555555,0.08715066523808572,1.5699745416641235,4.0,1.0,3.0,0.5868544600938967
pythia-1.4b,very_high,draw_1,medium,False,0.9688888888888889,0.9911111111111112,0.9955555555555555,0.5340934714799126,0.7288888888888889,0.9111111111111111,0.9422222222222222,0.17590345334727317,1.0850458145141602,4.0,2.0,2.0,0.7522935779816514
pythia-1.4b,very_high,draw_1,high,False,0.9777777777777777,1.0,1.0,0.532564741604858,0.8622222222222222,0.9733333333333334,0.9822222222222222,0.32517168662355594,0.6273232698440552,4.0,3.0,1.0,0.8818181818181818
pythia-1.4b,very_high,draw_1,very_high,True,0.9866666666666667,0.9911111111111112,0.9955555555555555,0.5436895051826206,0.8977777777777778,0.9866666666666667,0.9955555555555555,0.37877165257154655,0.5287683606147766,4.0,4.0,0.0,0.9099099099099099
pythia-1.4b,very_high,draw_1,control,False,0.9866666666666667,0.9955555555555555,0.9955555555555555,0.53978352716115,0.8888888888888888,0.9644444444444444,0.9866666666666667,0.34875458058215575,0.6986988186836243,4.0,,,0.9009009009009008
pythia-1.4b,very_high,draw_2,low,False,0.9688888888888889,0.9955555555555555,0.9955555555555555,0.5839033646384875,0.64,0.9022222222222223,0.9333333333333333,0.1112417857773188,1.4758875370025635,4.0,1.0,3.0,0.6605504587155964
pythia-1.4b,very_high,draw_2,medium,False,0.9733333333333334,0.9911111111111112,1.0,0.5665293139902254,0.72,0.9288888888888889,0.9644444444444444,0.21591138976778085,1.0709788799285889,4.0,2.0,2.0,0.7397260273972602
pythia-1.4b,very_high,draw_2,high,False,0.9911111111111112,0.9955555555555555,0.9955555555555555,0.5600835293742259,0.88,0.9866666666666667,0.9911111111111112,0.32453205989169265,0.646353006362915,4.0,3.0,1.0,0.8878923766816144
pythia-1.4b,very_high,draw_2,very_high,True,1.0,1.0,1.0,0.5676874696214994,0.9244444444444444,0.9822222222222222,0.9866666666666667,0.46463318733757153,0.45135077834129333,4.0,4.0,0.0,0.9244444444444444
pythia-1.4b,very_high,draw_2,control,False,0.9866666666666667,1.0,1.0,0.5466180947919687,0.9422222222222222,0.9955555555555555,0.9955555555555555,0.40587678046793574,0.5228106379508972,4.0,,,0.9549549549549549
pythia-1.4b,very_high,draw_3,low,False,0.96,1.0,1.0,0.5533795586269763,0.5333333333333333,0.8222222222222222,0.8622222222222222,0.10279364687712385,1.6714165210723877,4.0,1.0,3.0,0.5555555555555556
pythia-1.4b,very_high,draw_3,medium,False,0.9688888888888889,0.9955555555555555,1.0,0.5652063192427158,0.7555555555555555,0.9288888888888889,0.9511111111111111,0.18906420105900099,1.140234112739563,4.0,2.0,2.0,0.7798165137614679
pythia-1.4b,very_high,draw_3,high,False,1.0,1.0,1.0,0.5556183637678623,0.88,0.9644444444444444,0.9822222222222222,0.3069864286378854,0.6911152601242065,4.0,3.0,1.0,0.88
pythia-1.4b,very_high,draw_3,very_high,True,0.9955555555555555,1.0,1.0,0.5426028347677655,0.9333333333333333,0.9822222222222222,0.9955555555555555,0.33380043208806054,0.5488002896308899,4.0,4.0,0.0,0.9375
pythia-1.4b,very_high,draw_3,control,False,0.9777777777777777,0.9911111111111112,1.0,0.5580610220775836,0.9155555555555556,0.9777777777777777,0.9777777777777777,0.3216010386557577,0.7075635194778442,4.0,,,0.9363636363636364
pythia-1.4b,control,draw_1,low,False,0.9466666666666667,1.0,1.0,0.5388193902745843,0.7866666666666666,0.92,0.9555555555555556,0.22096647115501886,0.9624204039573669,,1.0,,0.8309859154929577
pythia-1.4b,control,draw_1,medium,False,0.9688888888888889,0.9911111111111112,0.9955555555555555,0.5340934714799126,0.8444444444444444,0.9555555555555556,0.9688888888888889,0.27848851776856465,0.762840986251831,,2.0,,0.8715596330275229
pythia-1.4b,control,draw_1,high,False,0.9777777777777777,1.0,1.0,0.532564741604858,0.9155555555555556,0.9822222222222222,0.9911111111111112,0.37950865453730026,0.5267657041549683,,3.0,,0.9363636363636364
pythia-1.4b,control,draw_1,very_high,False,0.9866666666666667,0.9911111111111112,0.9955555555555555,0.5436895051826206,0.9155555555555556,0.9955555555555555,0.9955555555555555,0.3834988861740567,0.5089995265007019,,4.0,,0.9279279279279279
pythia-1.4b,control,draw_1,control,True,0.9866666666666667,0.9955555555555555,0.9955555555555555,0.53978352716115,0.9111111111111111,0.9822222222222222,0.9866666666666667,0.39312839438621366,0.5431029796600342,,,,0.9234234234234234
pythia-1.4b,control,draw_2,low,False,0.9688888888888889,0.9955555555555555,0.9955555555555555,0.5839033646384875,0.7244444444444444,0.8977777777777778,0.9288888888888889,0.16070140119105214,1.2666157484054565,,1.0,,0.7477064220183486
pythia-1.4b,control,draw_2,medium,False,0.9733333333333334,0.9911111111111112,1.0,0.5665293139902254,0.8177777777777778,0.9555555555555556,0.9688888888888889,0.25649717241849024,0.8590568900108337,,2.0,,0.8401826484018264
pythia-1.4b,control,draw_2,high,False,0.9911111111111112,0.9955555555555555,0.9955555555555555,0.5600835293742259,0.9022222222222223,0.9822222222222222,0.9911111111111112,0.3897466670698486,0.5633770823478699,,3.0,,0.9103139013452914
pythia-1.4b,control,draw_2,very_high,False,1.0,1.0,1.0,0.5676874696214994,0.92,0.9688888888888889,0.9822222222222222,0.4512898895242769,0.44242364168167114,,4.0,,0.92
pythia-1.4b,control,draw_2,control,True,0.9866666666666667,1.0,1.0,0.5466180947919687,0.9288888888888889,0.9822222222222222,0.9866666666666667,0.4191718314070669,0.5116182565689087,,,,0.9414414414414414
pythia-1.4b,control,draw_3,low,False,0.96,1.0,1.0,0.5533795586269763,0.7377777777777778,0.9155555555555556,0.9466666666666667,0.19894978596793306,1.1345802545547485,,1.0,,0.7685185185185185
pythia-1.4b,control,draw_3,medium,False,0.9688888888888889,0.9955555555555555,1.0,0.5652063192427158,0.8666666666666667,0.9555555555555556,0.9866666666666667,0.24986999698448925,0.8419167995452881,,2.0,,0.8944954128440367
pythia-1.4b,control,draw_3,high,False,1.0,1.0,1.0,0.5556183637678623,0.8977777777777778,0.9688888888888889,0.9688888888888889,0.3700856751700242,0.6177397966384888,,3.0,,0.8977777777777778
pythia-1.4b,control,draw_3,very_high,False,0.9955555555555555,1.0,1.0,0.5426028347677655,0.9466666666666667,0.9955555555555555,0.9955555555555555,0.39045741660727395,0.4726223647594452,,4.0,,0.9508928571428572
pythia-1.4b,control,draw_3,control,True,0.9777777777777777,0.9911111111111112,1.0,0.5580610220775836,0.9333333333333333,0.9822222222222222,0.9911111111111112,0.39223910751015256,0.5362046360969543,,,,0.9545454545454546
