model,band,draw,layer,head,base_induction_score,circuit_induction_score,delta_induction,in_base_induction,in_circuit_induction
pythia-70m,low,draw_1,2,6,0.5221783518791199,0.5189927816390991,-0.003185570240020752,True,True
pythia-70m,low,draw_1,0,5,0.5374979972839355,0.5374979972839355,0.0,True,True
pythia-70m,low,draw_1,0,3,0.9174106121063232,0.9174106121063232,0.0,True,True
pythia-70m,low,draw_2,2,6,0.5449117422103882,0.5373140573501587,-0.007597684860229492,True,True
pythia-70m,low,draw_2,0,5,0.5335785150527954,0.5335785150527954,0.0,True,True
pythia-70m,low,draw_2,0,3,0.9142940044403076,0.9142940044403076,0.0,True,True
pythia-70m,low,draw_3,2,6,0.49482589960098267,0.48847705125808716,-0.006348848342895508,True,True
pythia-70m,low,draw_3,0,5,0.5484194159507751,0.5484194159507751,0.0,True,True
pythia-70m,low,draw_3,0,3,0.9176424145698547,0.9176424145698547,0.0,True,True
pythia-70m,medium,draw_1,2,6,0.5538175702095032,0.5565416216850281,0.0027240514755249023,True,True
pythia-70m,medium,draw_1,0,5,0.5661737322807312,0.5661737322807312,0.0,True,True
pythia-70m,medium,draw_1,0,3,0.901508092880249,0.901508092880249,0.0,True,True
pythia-70m,medium,draw_2,2,6,0.5459213852882385,0.5459213852882385,0.0,True,True
pythia-70m,medium,draw_2,0,5,0.5717868804931641,0.5717868804931641,0.0,True,True
pythia-70m,medium,draw_2,0,3,0.9011184573173523,0.9011184573173523,0.0,True,True
pythia-70m,medium,draw_3,2,6,0.5265591144561768,0.5265591144561768,0.0,True,True
pythia-70m,medium,draw_3,0,5,0.5607339143753052,0.5607339143753052,0.0,True,True
pythia-70m,medium,draw_3,0,3,0.8956280946731567,0.8956280946731567,0.0,True,True
pythia-70m,high,draw_1,2,6,0.5867531895637512,0.5945693850517273,0.007816195487976074,True,True
pythia-70m,high,draw_1,0,5,0.4880421757698059,0.4880421757698059,0.0,True,True
pythia-70m,high,draw_1,0,3,0.8664429783821106,0.8664429783821106,0.0,True,True
pythia-70m,high,draw_2,2,6,0.6090903282165527,0.6090903282165527,0.0,True,True
pythia-70m,high,draw_2,0,5,0.5127530097961426,0.5127530097961426,0.0,True,True
pythia-70m,high,draw_2,0,3,0.8654757142066956,0.8654757142066956,0.0,True,True
pythia-70m,high,draw_3,2,6,0.6246355772018433,0.6360344886779785,0.011398911476135254,True,True
pythia-70m,high,draw_3,0,5,0.5091924667358398,0.5091924667358398,0.0,True,True
pythia-70m,high,draw_3,0,3,0.8665550947189331,0.8665550947189331,0.0,True,True
pythia-70m,very_high,draw_1,2,6,0.6829197406768799,0.6829197406768799,0.0,True,True
pythia-70m,very_high,draw_1,0,5,0.3822769522666931,0.3822769522666931,0.0,True,True
pythia-70m,very_high,draw_1,0,3,0.8156574368476868,0.8156574368476868,0.0,True,True
pythia-70m,very_high,draw_2,2,6,0.6308801174163818,0.6308801174163818,0.0,True,True
pythia-70m,very_high,draw_2,0,5,0.4157184660434723,0.4157184660434723,0.0,True,True
pythia-70m,very_high,draw_2,0,3,0.8113784193992615,0.8113784193992615,0.0,True,True
pythia-70m,very_high,draw_3,2,6,0.6689234972000122,0.6689234972000122,0.0,True,True
pythia-70m,very_high,draw_3,0,5,0.38792839646339417,0.38792839646339417,0.0,True,True
pythia-70m,very_high,draw_3,0,3,0.8113941550254822,0.8113941550254822,0.0,True,True
pythia-70m,control,draw_1,2,6,0.670390784740448,0.6860889792442322,0.01569819450378418,True,True
pythia-70m,control,draw_1,0,5,0.4149007201194763,0.4149007201194763,0.0,True,True
pythia-70m,control,draw_1,0,3,0.8232166767120361,0.8232166767120361,0.0,True,True
pythia-70m,control,draw_2,2,6,0.6358299255371094,0.6358299255371094,0.0,True,True
pythia-70m,control,draw_2,0,5,0.3799290955066681,0.3799290955066681,0.0,True,True
pythia-70m,control,draw_2,0,3,0.821131706237793,0.821131706237793,0.0,True,True
pythia-70m,control,draw_3,2,6,0.678266167640686,0.6938008666038513,0.015534698963165283,True,True
pythia-70m,control,draw_3,0,5,0.4257015287876129,0.4257015287876129,0.0,True,True
pythia-70m,control,draw_3,0,3,0.8280736207962036,0.8280736207962036,0.0,True,True
pythia-160m,low,draw_1,0,7,0.8749646544456482,0.8749646544456482,0.0,True,True
pythia-160m,low,draw_1,3,3,0.44296586513519287,0.4309964179992676,-0.011969447135925293,True,True
pythia-160m,low,draw_1,6,10,0.17581862211227417,0.17919036746025085,0.0033717453479766846,True,True
pythia-160m,low,draw_1,1,10,0.5841962099075317,0.5841670632362366,-2.9146671295166016e-05,True,True
pythia-160m,low,draw_1,1,6,0.48654356598854065,0.48599037528038025,-0.0005531907081604004,True,True
pythia-160m,low,draw_2,0,7,0.8892434239387512,0.8892434239387512,0.0,True,True
pythia-160m,low,draw_2,3,3,0.44754183292388916,0.4382345378398895,-0.009307295083999634,True,True
pythia-160m,low,draw_2,6,10,0.18778422474861145,0.18571415543556213,-0.0020700693130493164,True,True
pythia-160m,low,draw_2,1,10,0.5549685955047607,0.5542067289352417,-0.000761866569519043,True,True
pythia-160m,low,draw_2,1,6,0.47811129689216614,0.48659345507621765,0.008482158184051514,True,True
pythia-160m,low,draw_3,0,7,0.8833816051483154,0.8833816051483154,0.0,True,True
pythia-160m,low,draw_3,3,3,0.4304526746273041,0.41705086827278137,-0.013401806354522705,True,True
pythia-160m,low,draw_3,6,10,0.1787625402212143,0.1785273551940918,-0.00023518502712249756,True,True
pythia-160m,low,draw_3,1,10,0.55522221326828,0.5473527908325195,-0.007869422435760498,True,True
pythia-160m,low,draw_3,1,6,0.46639567613601685,0.4725109934806824,0.006115317344665527,True,True
pythia-160m,medium,draw_1,0,7,0.8821141123771667,0.8821141123771667,0.0,True,True
pythia-160m,medium,draw_1,3,3,0.4361133575439453,0.4170200526714325,-0.019093304872512817,True,True
pythia-160m,medium,draw_1,6,10,0.17484895884990692,0.17506259679794312,0.00021363794803619385,True,True
pythia-160m,medium,draw_1,1,10,0.5716719627380371,0.5725537538528442,0.0008817911148071289,True,True
pythia-160m,medium,draw_1,1,6,0.4599929451942444,0.465354859828949,0.00536191463470459,True,True
pythia-160m,medium,draw_2,0,7,0.8834495544433594,0.8834495544433594,0.0,True,True
pythia-160m,medium,draw_2,3,3,0.4470934271812439,0.4302995502948761,-0.016793876886367798,True,True
pythia-160m,medium,draw_2,6,10,0.17241708934307098,0.17406955361366272,0.0016524642705917358,True,True
pythia-160m,medium,draw_2,1,10,0.576116144657135,0.5761016011238098,-1.4543533325195312e-05,True,True
pythia-160m,medium,draw_2,1,6,0.46037474274635315,0.46019625663757324,-0.00017848610877990723,True,True
pythia-160m,medium,draw_3,0,7,0.8735626935958862,0.8735626935958862,0.0,True,True
pythia-160m,medium,draw_3,3,3,0.4221175014972687,0.41137105226516724,-0.01074644923210144,True,True
pythia-160m,medium,draw_3,6,10,0.1832616776227951,0.1832149624824524,-4.67151403427124e-05,True,True
pythia-160m,medium,draw_3,1,10,0.5756987929344177,0.5791606307029724,0.0034618377685546875,True,True
pythia-160m,medium,draw_3,1,6,0.47277799248695374,0.47410333156585693,0.0013253390789031982,True,True
pythia-160m,high,draw_1,0,7,0.8475810885429382,0.8475810885429382,0.0,True,True
pythia-160m,high,draw_1,3,3,0.420490562915802,0.4224123954772949,0.00192183256149292,True,True
pythia-160m,high,draw_1,6,10,0.18542076647281647,0.18264000117778778,-0.0027807652950286865,True,True
pythia-160m,high,draw_1,1,10,0.5727013945579529,0.5726218819618225,-7.95125961303711e-05,True,True
pythia-160m,high,draw_1,1,6,0.4767395257949829,0.4774266183376312,0.0006870925426483154,True,True
pythia-160m,high,draw_2,0,7,0.8603091239929199,0.8603091239929199,0.0,True,True
pythia-160m,high,draw_2,3,3,0.4267251491546631,0.42808252573013306,0.0013573765754699707,True,True
pythia-160m,high,draw_2,6,10,0.16730323433876038,0.1647583246231079,-0.002544909715652466,True,True
pythia-160m,high,draw_2,1,10,0.5580122470855713,0.5580474734306335,3.522634506225586e-05,True,True
pythia-160m,high,draw_2,1,6,0.45276015996932983,0.4529015123844147,0.00014135241508483887,True,True
pythia-160m,high,draw_3,0,7,0.8511629104614258,0.8511629104614258,0.0,True,True
pythia-160m,high,draw_3,3,3,0.420668363571167,0.4222274720668793,0.0015591084957122803,True,True
pythia-160m,high,draw_3,6,10,0.18473297357559204,0.17952348291873932,-0.005209490656852722,True,True
pythia-160m,high,draw_3,1,10,0.5730109214782715,0.580284833908081,0.00727391242980957,True,True
pythia-160m,high,draw_3,1,6,0.4674173891544342,0.4690074920654297,0.0015901029109954834,True,True
pythia-160m,very_high,draw_1,0,7,0.8187196254730225,0.8187196254730225,0.0,True,True
pythia-160m,very_high,draw_1,3,3,0.3713799715042114,0.37675580382347107,0.0053758323192596436,True,True
pythia-160m,very_high,draw_1,6,10,0.15545694530010223,0.1527692675590515,-0.00268767774105072,True,True
pythia-160m,very_high,draw_1,1,10,0.6031257510185242,0.6138635277748108,0.010737776756286621,True,True
pythia-160m,very_high,draw_1,1,6,0.4655807912349701,0.4689497947692871,0.0033690035343170166,True,True
pythia-160m,very_high,draw_2,0,7,0.8137399554252625,0.8137399554252625,0.0,True,True
pythia-160m,very_high,draw_2,3,3,0.36668652296066284,0.39304572343826294,0.026359200477600098,True,True
pythia-160m,very_high,draw_2,6,10,0.16610023379325867,0.16208207607269287,-0.004018157720565796,True,True
pythia-160m,very_high,draw_2,1,10,0.6314230561256409,0.6272470355033875,-0.004176020622253418,True,True
pythia-160m,very_high,draw_2,1,6,0.4712841212749481,0.47075486183166504,-0.0005292594432830811,True,True
pythia-160m,very_high,draw_3,0,7,0.8067957758903503,0.8067957758903503,0.0,True,True
pythia-160m,very_high,draw_3,3,3,0.3495664596557617,0.36099711060523987,0.01143065094947815,True,True
pythia-160m,very_high,draw_3,6,10,0.16444949805736542,0.16327092051506042,-0.0011785775423049927,True,True
pythia-160m,very_high,draw_3,1,10,0.6515735983848572,0.6476007699966431,-0.003972828388214111,True,True
pythia-160m,very_high,draw_3,1,6,0.4657112956047058,0.4645524322986603,-0.0011588633060455322,True,True
pythia-160m,control,draw_1,0,7,0.8218485116958618,0.8218485116958618,0.0,True,True
pythia-160m,control,draw_1,3,3,0.3745444118976593,0.3927331864833832,0.018188774585723877,True,True
pythia-160m,control,draw_1,6,10,0.1786615401506424,0.17595544457435608,-0.002706095576286316,True,True
pythia-160m,control,draw_1,1,10,0.6213967800140381,0.6180676221847534,-0.003329157829284668,True,True
pythia-160m,control,draw_1,1,6,0.4766046106815338,0.4750293791294098,-0.0015752315521240234,True,True
pythia-160m,control,draw_2,0,7,0.8163211941719055,0.8163211941719055,0.0,True,True
pythia-160m,control,draw_2,3,3,0.3835490643978119,0.38894185423851013,0.005392789840698242,True,True
pythia-160m,control,draw_2,6,10,0.1791626363992691,0.17702138423919678,-0.0021412521600723267,True,True
pythia-160m,control,draw_2,1,10,0.6162479519844055,0.6164737343788147,0.0002257823944091797,True,True
pythia-160m,control,draw_2,1,6,0.4696662127971649,0.4699762761592865,0.00031006336212158203,True,True
pythia-160m,control,draw_3,0,7,0.8201608657836914,0.8201608657836914,0.0,True,True
pythia-160m,control,draw_3,3,3,0.39573243260383606,0.42273831367492676,0.027005881071090698,True,True
pythia-160m,control,draw_3,6,10,0.16043107211589813,0.15704619884490967,-0.0033848732709884644,True,True
pythia-160m,control,draw_3,1,10,0.6019685864448547,0.5999668836593628,-0.0020017027854919434,True,True
pythia-160m,control,draw_3,1,6,0.4640611410140991,0.46462157368659973,0.0005604326725006104,True,True
pythia-410m,low,draw_1,9,9,0.34482091665267944,0.33594462275505066,-0.008876293897628784,True,True
pythia-410m,low,draw_1,2,10,0.5968383550643921,0.5960165858268738,-0.0008217692375183105,True,True
pythia-410m,low,draw_1,7,0,0.3839828073978424,0.395548015832901,0.011565208435058594,True,True
pythia-410m,low,draw_1,1,4,0.6049420833587646,0.6055406332015991,0.0005985498428344727,True,True
pythia-410m,low,draw_1,9,8,0.6984440088272095,0.6853041052818298,-0.013139903545379639,True,True
pythia-410m,low,draw_1,0,5,0.6863580942153931,0.6863580942153931,0.0,True,True
pythia-410m,low,draw_1,6,0,0.9444306492805481,0.9540424346923828,0.009611785411834717,True,True
pythia-410m,low,draw_1,7,8,0.8790701031684875,0.8784208297729492,-0.0006492733955383301,True,True
pythia-410m,low,draw_2,9,9,0.32547247409820557,0.33385926485061646,0.008386790752410889,True,True
pythia-410m,low,draw_2,2,10,0.6065190434455872,0.6076193451881409,0.001100301742553711,True,True
pythia-410m,low,draw_2,7,0,0.39853695034980774,0.4013954699039459,0.0028585195541381836,True,True
pythia-410m,low,draw_2,1,4,0.6069368720054626,0.6094849705696106,0.0025480985641479492,True,True
pythia-410m,low,draw_2,9,8,0.7212121486663818,0.7053102850914001,-0.01590186357498169,True,True
pythia-410m,low,draw_2,0,5,0.6993426084518433,0.6993426084518433,0.0,True,True
pythia-410m,low,draw_2,6,0,0.9456074833869934,0.9552320837974548,0.009624600410461426,True,True
pythia-410m,low,draw_2,7,8,0.8676251769065857,0.8812280297279358,0.013602852821350098,True,True
pythia-410m,low,draw_3,9,9,0.3201000988483429,0.3147696256637573,-0.005330473184585571,True,True
pythia-410m,low,draw_3,2,10,0.5943185687065125,0.5998216271400452,0.005503058433532715,True,True
pythia-410m,low,draw_3,7,0,0.38838937878608704,0.3868030607700348,-0.001586318016052246,True,True
pythia-410m,low,draw_3,1,4,0.5944478511810303,0.6003979444503784,0.0059500932693481445,True,True
pythia-410m,low,draw_3,9,8,0.7078371047973633,0.7018319964408875,-0.00600510835647583,True,True
pythia-410m,low,draw_3,0,5,0.7102344036102295,0.7102344036102295,0.0,True,True
pythia-410m,low,draw_3,6,0,0.9486747980117798,0.9573168158531189,0.008642017841339111,True,True
pythia-410m,low,draw_3,7,8,0.8787902593612671,0.8845041394233704,0.0057138800621032715,True,True
pythia-410m,medium,draw_1,9,9,0.31424057483673096,0.3063065707683563,-0.007934004068374634,True,True
pythia-410m,medium,draw_1,2,10,0.5913891792297363,0.5920718908309937,0.0006827116012573242,True,True
pythia-410m,medium,draw_1,7,0,0.38362544775009155,0.3805447816848755,-0.0030806660652160645,True,True
pythia-410m,medium,draw_1,1,4,0.5979432463645935,0.5998038649559021,0.0018606185913085938,True,True
pythia-410m,medium,draw_1,9,8,0.7111281752586365,0.6962409019470215,-0.01488727331161499,True,True
pythia-410m,medium,draw_1,0,5,0.7100479006767273,0.7100479006767273,0.0,True,True
pythia-410m,medium,draw_1,6,0,0.9601952433586121,0.9688445329666138,0.008649289608001709,True,True
pythia-410m,medium,draw_1,7,8,0.8858367204666138,0.8924678564071655,0.006631135940551758,True,True
pythia-410m,medium,draw_2,9,9,0.31558966636657715,0.29873159527778625,-0.016858071088790894,True,True
pythia-410m,medium,draw_2,2,10,0.6095961928367615,0.6125911474227905,0.0029949545860290527,True,True
pythia-410m,medium,draw_2,7,0,0.3781181573867798,0.3713429868221283,-0.006775170564651489,True,True
pythia-410m,medium,draw_2,1,4,0.6059810519218445,0.6204361915588379,0.014455139636993408,True,True
pythia-410m,medium,draw_2,9,8,0.7243363857269287,0.7151035666465759,-0.009232819080352783,True,True
pythia-410m,medium,draw_2,0,5,0.7064776420593262,0.7064776420593262,0.0,True,True
pythia-410m,medium,draw_2,6,0,0.9570960402488708,0.961907148361206,0.004811108112335205,True,True
pythia-410m,medium,draw_2,7,8,0.8813266158103943,0.8834018111228943,0.0020751953125,True,True
pythia-410m,medium,draw_3,9,9,0.3256709575653076,0.3288264870643616,0.003155529499053955,True,True
pythia-410m,medium,draw_3,2,10,0.6124171018600464,0.6280596256256104,0.015642523765563965,True,True
pythia-410m,medium,draw_3,7,0,0.38332873582839966,0.37762606143951416,-0.005702674388885498,True,True
pythia-410m,medium,draw_3,1,4,0.5981671810150146,0.6014513969421387,0.0032842159271240234,True,True
pythia-410m,medium,draw_3,9,8,0.7258309125900269,0.7126179933547974,-0.013212919235229492,True,True
pythia-410m,medium,draw_3,0,5,0.7009140849113464,0.7009140849113464,0.0,True,True
pythia-410m,medium,draw_3,6,0,0.9589820504188538,0.9645009636878967,0.005518913269042969,True,True
pythia-410m,medium,draw_3,7,8,0.8749654293060303,0.8775938153266907,0.0026283860206604004,True,True
pythia-410m,high,draw_1,9,9,0.2918228507041931,0.2904346287250519,-0.0013882219791412354,True,True
pythia-410m,high,draw_1,2,10,0.614403486251831,0.6255502104759216,0.011146724224090576,True,True
pythia-410m,high,draw_1,7,0,0.3644135892391205,0.3628157675266266,-0.0015978217124938965,True,True
pythia-410m,high,draw_1,1,4,0.5893393158912659,0.5941247344017029,0.004785418510437012,True,True
pythia-410m,high,draw_1,9,8,0.7057110071182251,0.6837031841278076,-0.02200782299041748,True,True
pythia-410m,high,draw_1,0,5,0.6906762719154358,0.6906762719154358,0.0,True,True
pythia-410m,high,draw_1,6,0,0.9741581082344055,0.9778411388397217,0.003683030605316162,True,True
pythia-410m,high,draw_1,7,8,0.8858762383460999,0.8926982879638672,0.006822049617767334,True,True
pythia-410m,high,draw_2,9,9,0.3146994411945343,0.30608683824539185,-0.008612602949142456,True,True
pythia-410m,high,draw_2,2,10,0.6118507385253906,0.6210251450538635,0.0091744065284729,True,True
pythia-410m,high,draw_2,7,0,0.3778701424598694,0.37459224462509155,-0.003277897834777832,True,True
pythia-410m,high,draw_2,1,4,0.5807005763053894,0.5906108021736145,0.009910225868225098,True,True
pythia-410m,high,draw_2,9,8,0.6993427872657776,0.6716098785400391,-0.027732908725738525,True,True
pythia-410m,high,draw_2,0,5,0.6796678304672241,0.6796678304672241,0.0,True,True
pythia-410m,high,draw_2,6,0,0.9718415141105652,0.9787189364433289,0.006877422332763672,True,True
pythia-410m,high,draw_2,7,8,0.8645833134651184,0.8837862610816956,0.01920294761657715,True,True
pythia-410m,high,draw_3,9,9,0.3113236725330353,0.30215921998023987,-0.00916445255279541,True,True
pythia-410m,high,draw_3,2,10,0.6203179955482483,0.6320117115974426,0.011693716049194336,True,True
pythia-410m,high,draw_3,7,0,0.3737390339374542,0.3822953402996063,0.0085563063621521,True,True
pythia-410m,high,draw_3,1,4,0.5786253809928894,0.5893998742103577,0.010774493217468262,True,True
pythia-410m,high,draw_3,9,8,0.7055445909500122,0.6753560304641724,-0.030188560485839844,True,True
pythia-410m,high,draw_3,0,5,0.6880072951316833,0.6880072951316833,0.0,True,True
pythia-410m,high,draw_3,6,0,0.9736166596412659,0.9796732664108276,0.006056606769561768,True,True
pythia-410m,high,draw_3,7,8,0.8743177056312561,0.8853046298027039,0.010986924171447754,True,True
pythia-410m,very_high,draw_1,9,9,0.28551703691482544,0.2876546084880829,0.0021375715732574463,True,True
pythia-410m,very_high,draw_1,2,10,0.6440821886062622,0.6531082987785339,0.009026110172271729,True,True
pythia-410m,very_high,draw_1,7,0,0.3632008731365204,0.3845209777355194,0.021320104598999023,True,True
pythia-410m,very_high,draw_1,1,4,0.5607118606567383,0.5624356269836426,0.0017237663269042969,True,True
pythia-410m,very_high,draw_1,9,8,0.6681950092315674,0.6585527062416077,-0.009642302989959717,True,True
pythia-410m,very_high,draw_1,0,5,0.611846387386322,0.611846387386322,0.0,True,True
pythia-410m,very_high,draw_1,6,0,0.974841833114624,0.9787123203277588,0.0038704872131347656,True,True
pythia-410m,very_high,draw_1,7,8,0.8591247797012329,0.8762053847312927,0.017080605030059814,True,True
pythia-410m,very_high,draw_2,9,9,0.2828311026096344,0.27313634753227234,-0.00969475507736206,True,True
pythia-410m,very_high,draw_2,2,10,0.6472090482711792,0.6619505882263184,0.01474153995513916,True,True
pythia-410m,very_high,draw_2,7,0,0.36028775572776794,0.3703659474849701,0.010078191757202148,True,True
pythia-410m,very_high,draw_2,1,4,0.5578887462615967,0.5632058382034302,0.005317091941833496,True,True
pythia-410m,very_high,draw_2,9,8,0.6689015030860901,0.6629489660263062,-0.0059525370597839355,True,True
pythia-410m,very_high,draw_2,0,5,0.6114864349365234,0.6114864349365234,0.0,True,True
pythia-410m,very_high,draw_2,6,0,0.9758668541908264,0.9775041937828064,0.0016373395919799805,True,True
pythia-410m,very_high,draw_2,7,8,0.8536819219589233,0.8719450831413269,0.018263161182403564,True,True
pythia-410m,very_high,draw_3,9,9,0.2862392067909241,0.2689695358276367,-0.017269670963287354,True,True
pythia-410m,very_high,draw_3,2,10,0.6508604884147644,0.6628383994102478,0.011977910995483398,True,True
pythia-410m,very_high,draw_3,7,0,0.3559819757938385,0.3755143880844116,0.01953241229057312,True,True
pythia-410m,very_high,draw_3,1,4,0.5622904896736145,0.5670604705810547,0.0047699809074401855,True,True
pythia-410m,very_high,draw_3,9,8,0.6852364540100098,0.6760970950126648,-0.00913935899734497,True,True
pythia-410m,very_high,draw_3,0,5,0.6055779457092285,0.6055779457092285,0.0,True,True
pythia-410m,very_high,draw_3,6,0,0.9741613864898682,0.9782268404960632,0.004065454006195068,True,True
pythia-410m,very_high,draw_3,7,8,0.8670815229415894,0.8746731281280518,0.007591605186462402,True,True
pythia-410m,control,draw_1,9,9,0.27899032831192017,0.27199220657348633,-0.006998121738433838,True,True
pythia-410m,control,draw_1,2,10,0.6287500262260437,0.6441164612770081,0.015366435050964355,True,True
pythia-410m,control,draw_1,7,0,0.37263956665992737,0.3883278965950012,0.015688329935073853,True,True
pythia-410m,control,draw_1,1,4,0.5654751658439636,0.568831205368042,0.003356039524078369,True,True
pythia-410m,control,draw_1,9,8,0.6847774386405945,0.6705891489982605,-0.014188289642333984,True,True
pythia-410m,control,draw_1,0,5,0.6250032782554626,0.6250032782554626,0.0,True,True
pythia-410m,control,draw_1,6,0,0.9733714461326599,0.9724221229553223,-0.0009493231773376465,True,True
pythia-410m,control,draw_1,7,8,0.8609991073608398,0.8694448471069336,0.00844573974609375,True,True
pythia-410m,control,draw_2,9,9,0.2742401659488678,0.26187580823898315,-0.012364357709884644,True,True
pythia-410m,control,draw_2,2,10,0.6296634674072266,0.6424280405044556,0.012764573097229004,True,True
pythia-410m,control,draw_2,7,0,0.3664442002773285,0.3685402572154999,0.0020960569381713867,True,True
pythia-410m,control,draw_2,1,4,0.5657890439033508,0.5673149824142456,0.0015259385108947754,True,True
pythia-410m,control,draw_2,9,8,0.6751282811164856,0.6617949604988098,-0.013333320617675781,True,True
pythia-410m,control,draw_2,0,5,0.623163640499115,0.623163640499115,0.0,True,True
pythia-410m,control,draw_2,6,0,0.9752734303474426,0.9777395725250244,0.002466142177581787,True,True
pythia-410m,control,draw_2,7,8,0.8629988431930542,0.8726999163627625,0.009701073169708252,True,True
pythia-410m,control,draw_3,9,9,0.2970069646835327,0.2969749867916107,-3.197789192199707e-05,True,True
pythia-410m,control,draw_3,2,10,0.6332958936691284,0.6586152911186218,0.025319397449493408,True,True
pythia-410m,control,draw_3,7,0,0.3614340126514435,0.3624995946884155,0.001065582036972046,True,True
pythia-410m,control,draw_3,1,4,0.5771581530570984,0.5866042971611023,0.009446144104003906,True,True
pythia-410m,control,draw_3,9,8,0.692919909954071,0.6797125935554504,-0.013207316398620605,True,True
pythia-410m,control,draw_3,0,5,0.6297354698181152,0.6297354698181152,0.0,True,True
pythia-410m,control,draw_3,6,0,0.977587103843689,0.9810938835144043,0.003506779670715332,True,True
pythia-410m,control,draw_3,7,8,0.8670818209648132,0.889238715171814,0.022156894207000732,True,True
pythia-1b,low,draw_1,4,3,0.6768743395805359,0.7016662359237671,0.0247918963432312,True,True
pythia-1b,low,draw_1,5,1,0.9443062543869019,0.9422014951705933,-0.0021047592163085938,True,True
pythia-1b,low,draw_1,1,7,0.8622701168060303,0.8593568205833435,-0.0029132962226867676,True,True
pythia-1b,low,draw_1,10,6,0.23049001395702362,0.22645047307014465,-0.004039540886878967,True,True
pythia-1b,low,draw_2,4,3,0.689480721950531,0.706287145614624,0.016806423664093018,True,True
pythia-1b,low,draw_2,5,1,0.9357291460037231,0.9377745389938354,0.0020453929901123047,True,True
pythia-1b,low,draw_2,1,7,0.8648257255554199,0.8617753982543945,-0.0030503273010253906,True,True
pythia-1b,low,draw_2,10,6,0.265645831823349,0.24797332286834717,-0.01767250895500183,True,True
pythia-1b,low,draw_3,4,3,0.6724110245704651,0.6880642175674438,0.01565319299697876,True,True
pythia-1b,low,draw_3,5,1,0.9350025653839111,0.9397180080413818,0.004715442657470703,True,True
pythia-1b,low,draw_3,1,7,0.868487536907196,0.867466926574707,-0.0010206103324890137,True,True
pythia-1b,low,draw_3,10,6,0.24305090308189392,0.23073133826255798,-0.012319564819335938,True,True
pythia-1b,medium,draw_1,4,3,0.6825321316719055,0.7080770134925842,0.02554488182067871,True,True
pythia-1b,medium,draw_1,5,1,0.9226287603378296,0.928515613079071,0.005886852741241455,True,True
pythia-1b,medium,draw_1,1,7,0.8591946959495544,0.8547296524047852,-0.004465043544769287,True,True
pythia-1b,medium,draw_1,10,6,0.21984560787677765,0.2221982181072235,0.002352610230445862,True,True
pythia-1b,medium,draw_2,4,3,0.6888760328292847,0.6982397437095642,0.009363710880279541,True,True
pythia-1b,medium,draw_2,5,1,0.9314411282539368,0.9303516745567322,-0.0010894536972045898,True,True
pythia-1b,medium,draw_2,1,7,0.863075852394104,0.8614904880523682,-0.0015853643417358398,True,True
pythia-1b,medium,draw_2,10,6,0.22745703160762787,0.22997473180294037,0.0025177001953125,True,True
pythia-1b,medium,draw_3,4,3,0.6823975443840027,0.7100895643234253,0.027692019939422607,True,True
pythia-1b,medium,draw_3,5,1,0.9324970245361328,0.9342578053474426,0.0017607808113098145,True,True
pythia-1b,medium,draw_3,1,7,0.8564450144767761,0.8559181690216064,-0.0005268454551696777,True,True
pythia-1b,medium,draw_3,10,6,0.2399195283651352,0.22208702564239502,-0.017832502722740173,True,True
pythia-1b,high,draw_1,4,3,0.640972375869751,0.6764383912086487,0.035466015338897705,True,True
pythia-1b,high,draw_1,5,1,0.898594856262207,0.9028136730194092,0.0042188167572021484,True,True
pythia-1b,high,draw_1,1,7,0.8179380297660828,0.8179777264595032,3.9696693420410156e-05,True,True
pythia-1b,high,draw_1,10,6,0.19735029339790344,0.20156677067279816,0.004216477274894714,True,True
pythia-1b,high,draw_2,4,3,0.640598714351654,0.6656419038772583,0.025043189525604248,True,True
pythia-1b,high,draw_2,5,1,0.908266544342041,0.9089287519454956,0.0006622076034545898,True,True
pythia-1b,high,draw_2,1,7,0.8223854303359985,0.8169471025466919,-0.005438327789306641,True,True
pythia-1b,high,draw_2,10,6,0.22069178521633148,0.22296495735645294,0.00227317214012146,True,True
pythia-1b,high,draw_3,4,3,0.6498289704322815,0.6632896661758423,0.013460695743560791,True,True
pythia-1b,high,draw_3,5,1,0.9012653231620789,0.9087828993797302,0.007517576217651367,True,True
pythia-1b,high,draw_3,1,7,0.8209874629974365,0.8232285976409912,0.0022411346435546875,True,True
pythia-1b,high,draw_3,10,6,0.204655259847641,0.20143628120422363,-0.0032189786434173584,True,True
pythia-1b,very_high,draw_1,4,3,0.6167623996734619,0.6578453779220581,0.04108297824859619,True,True
pythia-1b,very_high,draw_1,5,1,0.868748664855957,0.8639354109764099,-0.004813253879547119,True,True
pythia-1b,very_high,draw_1,1,7,0.775168240070343,0.766374945640564,-0.008793294429779053,True,True
pythia-1b,very_high,draw_1,10,6,0.1636909693479538,0.16855326294898987,0.004862293601036072,True,True
pythia-1b,very_high,draw_2,4,3,0.6070935130119324,0.6568855047225952,0.04979199171066284,True,True
pythia-1b,very_high,draw_2,5,1,0.8594905138015747,0.8703100681304932,0.010819554328918457,True,True
pythia-1b,very_high,draw_2,1,7,0.7822996973991394,0.7852233648300171,0.0029236674308776855,True,True
pythia-1b,very_high,draw_2,10,6,0.18113112449645996,0.1825467199087143,0.0014155954122543335,True,True
pythia-1b,very_high,draw_3,4,3,0.6329357624053955,0.6765280365943909,0.04359227418899536,True,True
pythia-1b,very_high,draw_3,5,1,0.8622012138366699,0.8857946991920471,0.023593485355377197,True,True
pythia-1b,very_high,draw_3,1,7,0.7713834643363953,0.7737323641777039,0.0023488998413085938,True,True
pythia-1b,very_high,draw_3,10,6,0.162142813205719,0.17293836176395416,0.010795548558235168,True,True
pythia-1b,control,draw_1,4,3,0.6216289401054382,0.6443161368370056,0.022687196731567383,True,True
pythia-1b,control,draw_1,5,1,0.8706838488578796,0.8744674921035767,0.0037836432456970215,True,True
pythia-1b,control,draw_1,1,7,0.7941344976425171,0.7882513403892517,-0.005883157253265381,True,True
pythia-1b,control,draw_1,10,6,0.16979879140853882,0.17707383632659912,0.007275044918060303,True,True
pythia-1b,control,draw_2,4,3,0.637000322341919,0.6480016708374023,0.011001348495483398,True,True
pythia-1b,control,draw_2,5,1,0.8866986632347107,0.8859887719154358,-0.0007098913192749023,True,True
pythia-1b,control,draw_2,1,7,0.7939320206642151,0.8069599270820618,0.01302790641784668,True,True
pythia-1b,control,draw_2,10,6,0.16840936243534088,0.17926937341690063,0.010860010981559753,True,True
pythia-1b,control,draw_3,4,3,0.6361386179924011,0.6876561641693115,0.0515175461769104,True,True
pythia-1b,control,draw_3,5,1,0.8758165836334229,0.8895105719566345,0.01369398832321167,True,True
pythia-1b,control,draw_3,1,7,0.7935831546783447,0.8018035292625427,0.008220374584197998,True,True
pythia-1b,control,draw_3,10,6,0.19215336441993713,0.19726155698299408,0.005108192563056946,True,True
pythia-1.4b,low,draw_1,5,11,0.9644278883934021,0.9705931544303894,0.006165266036987305,True,True
pythia-1.4b,low,draw_1,0,3,0.9262058734893799,0.9262058734893799,0.0,True,True
pythia-1.4b,low,draw_1,2,0,0.5960039496421814,0.5857328772544861,-0.010271072387695312,True,True
pythia-1.4b,low,draw_1,7,15,0.8483631014823914,0.8373101353645325,-0.011052966117858887,True,True
pythia-1.4b,low,draw_1,9,1,0.48629164695739746,0.531658947467804,0.045367300510406494,True,True
pythia-1.4b,low,draw_1,2,5,0.9337679147720337,0.9321095943450928,-0.001658320426940918,True,True
pythia-1.4b,low,draw_1,4,7,0.5737032890319824,0.5777883529663086,0.004085063934326172,True,True
pythia-1.4b,low,draw_2,5,11,0.9544413089752197,0.9666526913642883,0.012211382389068604,True,True
pythia-1.4b,low,draw_2,0,3,0.9265848994255066,0.9265848994255066,0.0,True,True
pythia-1.4b,low,draw_2,2,0,0.6018880009651184,0.5924044847488403,-0.009483516216278076,True,True
pythia-1.4b,low,draw_2,7,15,0.8739628195762634,0.8744896650314331,0.0005268454551696777,True,True
pythia-1.4b,low,draw_2,9,1,0.5099438428878784,0.5191487669944763,0.0092049241065979,True,True
pythia-1.4b,low,draw_2,2,5,0.9366491436958313,0.9308957457542419,-0.0057533979415893555,True,True
pythia-1.4b,low,draw_2,4,7,0.5574445128440857,0.5835673213005066,0.0261228084564209,True,True
pythia-1.4b,low,draw_3,5,11,0.9569635391235352,0.9622142314910889,0.005250692367553711,True,True
pythia-1.4b,low,draw_3,0,3,0.9263054728507996,0.9263054728507996,0.0,True,True
pythia-1.4b,low,draw_3,2,0,0.6117742657661438,0.6081774234771729,-0.0035968422889709473,True,True
pythia-1.4b,low,draw_3,7,15,0.8614522218704224,0.8703819513320923,0.008929729461669922,True,True
pythia-1.4b,low,draw_3,9,1,0.47858214378356934,0.4671061933040619,-0.011475950479507446,True,True
pythia-1.4b,low,draw_3,2,5,0.9394300580024719,0.9354197382926941,-0.004010319709777832,True,True
pythia-1.4b,low,draw_3,4,7,0.5593746900558472,0.6006785035133362,0.041303813457489014,True,True
pythia-1.4b,medium,draw_1,5,11,0.9583405256271362,0.9607266187667847,0.0023860931396484375,True,True
pythia-1.4b,medium,draw_1,0,3,0.9163879156112671,0.9163879156112671,0.0,True,True
pythia-1.4b,medium,draw_1,2,0,0.6547422409057617,0.6546483635902405,-9.387731552124023e-05,True,True
pythia-1.4b,medium,draw_1,7,15,0.8795091509819031,0.8753892779350281,-0.004119873046875,True,True
pythia-1.4b,medium,draw_1,9,1,0.45002421736717224,0.4816301763057709,0.03160595893859863,True,True
pythia-1.4b,medium,draw_1,2,5,0.9316926598548889,0.9316707253456116,-2.193450927734375e-05,True,True
pythia-1.4b,medium,draw_1,4,7,0.5432818531990051,0.5509893894195557,0.007707536220550537,True,True
pythia-1.4b,medium,draw_2,5,11,0.9532672762870789,0.9596431255340576,0.00637584924697876,True,True
pythia-1.4b,medium,draw_2,0,3,0.9186998009681702,0.9186998009681702,0.0,True,True
pythia-1.4b,medium,draw_2,2,0,0.6662397384643555,0.6750302910804749,0.008790552616119385,True,True
pythia-1.4b,medium,draw_2,7,15,0.8774714469909668,0.8877786993980408,0.010307252407073975,True,True
pythia-1.4b,medium,draw_2,9,1,0.44428351521492004,0.4565011262893677,0.012217611074447632,True,True
pythia-1.4b,medium,draw_2,2,5,0.9333442449569702,0.934180498123169,0.0008362531661987305,True,True
pythia-1.4b,medium,draw_2,4,7,0.5334949493408203,0.5306612253189087,-0.002833724021911621,True,True
pythia-1.4b,medium,draw_3,5,11,0.9572082757949829,0.9642511606216431,0.007042884826660156,True,True
pythia-1.4b,medium,draw_3,0,3,0.9171154499053955,0.9171154499053955,0.0,True,True
pythia-1.4b,medium,draw_3,2,0,0.636506199836731,0.6378534436225891,0.0013472437858581543,True,True
pythia-1.4b,medium,draw_3,7,15,0.868931233882904,0.859429657459259,-0.00950157642364502,True,True
pythia-1.4b,medium,draw_3,9,1,0.45097336173057556,0.4690142273902893,0.018040865659713745,True,True
pythia-1.4b,medium,draw_3,2,5,0.9361327886581421,0.9388788342475891,0.0027460455894470215,True,True
pythia-1.4b,medium,draw_3,4,7,0.5409191846847534,0.5220534205436707,-0.018865764141082764,True,True
pythia-1.4b,high,draw_1,5,11,0.9514287114143372,0.9534235000610352,0.001994788646697998,True,True
pythia-1.4b,high,draw_1,0,3,0.90937739610672,0.90937739610672,0.0,True,True
pythia-1.4b,high,draw_1,2,0,0.622174859046936,0.6117311120033264,-0.01044374704360962,True,True
pythia-1.4b,high,draw_1,7,15,0.8720499277114868,0.8665193915367126,-0.00553053617477417,True,True
pythia-1.4b,high,draw_1,9,1,0.4296068549156189,0.45827537775039673,0.028668522834777832,True,True
pythia-1.4b,high,draw_1,2,5,0.9200616478919983,0.9274864196777344,0.007424771785736084,True,True
pythia-1.4b,high,draw_1,4,7,0.49137386679649353,0.4859212338924408,-0.005452632904052734,True,True
pythia-1.4b,high,draw_2,5,11,0.9533349871635437,0.9622420072555542,0.008907020092010498,True,True
pythia-1.4b,high,draw_2,0,3,0.9069182872772217,0.9069182872772217,0.0,True,True
pythia-1.4b,high,draw_2,2,0,0.6275339722633362,0.6249358057975769,-0.0025981664657592773,True,True
pythia-1.4b,high,draw_2,7,15,0.857038140296936,0.8816819787025452,0.02464383840560913,True,True
pythia-1.4b,high,draw_2,9,1,0.43322157859802246,0.42493027448654175,-0.008291304111480713,True,True
pythia-1.4b,high,draw_2,2,5,0.925757646560669,0.9290294051170349,0.003271758556365967,True,True
pythia-1.4b,high,draw_2,4,7,0.4886130094528198,0.5718324780464172,0.08321946859359741,True,True
pythia-1.4b,high,draw_3,5,11,0.962613582611084,0.9663464426994324,0.0037328600883483887,True,True
pythia-1.4b,high,draw_3,0,3,0.9099913239479065,0.9099913239479065,0.0,True,True
pythia-1.4b,high,draw_3,2,0,0.6074768304824829,0.6111611723899841,0.0036843419075012207,True,True
pythia-1.4b,high,draw_3,7,15,0.8690992593765259,0.8796319961547852,0.010532736778259277,True,True
pythia-1.4b,high,draw_3,9,1,0.43050307035446167,0.4518612325191498,0.02135816216468811,True,True
pythia-1.4b,high,draw_3,2,5,0.926119327545166,0.9314579963684082,0.0053386688232421875,True,True
pythia-1.4b,high,draw_3,4,7,0.46209317445755005,0.4843612313270569,0.022268056869506836,True,True
pythia-1.4b,very_high,draw_1,5,11,0.9481309652328491,0.9518982172012329,0.003767251968383789,True,True
pythia-1.4b,very_high,draw_1,0,3,0.8856514692306519,0.8856514692306519,0.0,True,True
pythia-1.4b,very_high,draw_1,2,0,0.5396520495414734,0.5260744690895081,-0.013577580451965332,True,True
pythia-1.4b,very_high,draw_1,7,15,0.8187357187271118,0.8238440155982971,0.005108296871185303,True,True
pythia-1.4b,very_high,draw_1,9,1,0.4055657982826233,0.3993722200393677,-0.006193578243255615,True,True
pythia-1.4b,very_high,draw_1,2,5,0.9355586767196655,0.939333438873291,0.0037747621536254883,True,True
pythia-1.4b,very_high,draw_1,4,7,0.45193204283714294,0.4637545347213745,0.011822491884231567,True,True
pythia-1.4b,very_high,draw_2,5,11,0.9482738971710205,0.9484242796897888,0.00015038251876831055,True,True
pythia-1.4b,very_high,draw_2,0,3,0.8863881826400757,0.8863881826400757,0.0,True,True
pythia-1.4b,very_high,draw_2,2,0,0.5748448967933655,0.5603379607200623,-0.014506936073303223,True,True
pythia-1.4b,very_high,draw_2,7,15,0.8404699563980103,0.8467981219291687,0.006328165531158447,True,True
pythia-1.4b,very_high,draw_2,9,1,0.41473981738090515,0.39931750297546387,-0.015422314405441284,True,True
pythia-1.4b,very_high,draw_2,2,5,0.9378486275672913,0.943065345287323,0.005216717720031738,True,True
pythia-1.4b,very_high,draw_2,4,7,0.4292297959327698,0.43631598353385925,0.0070861876010894775,True,True
pythia-1.4b,very_high,draw_3,5,11,0.9456550478935242,0.9584768414497375,0.012821793556213379,True,True
pythia-1.4b,very_high,draw_3,0,3,0.8827088475227356,0.8827088475227356,0.0,True,True
pythia-1.4b,very_high,draw_3,2,0,0.5676794052124023,0.5514750480651855,-0.016204357147216797,True,True
pythia-1.4b,very_high,draw_3,7,15,0.8294388651847839,0.8539323210716248,0.02449345588684082,True,True
pythia-1.4b,very_high,draw_3,9,1,0.402834951877594,0.40211987495422363,-0.0007150769233703613,True,True
pythia-1.4b,very_high,draw_3,2,5,0.9351821541786194,0.9382081627845764,0.0030260086059570312,True,True
pythia-1.4b,very_high,draw_3,4,7,0.4543481469154358,0.48924553394317627,0.03489738702774048,True,True
pythia-1.4b,control,draw_1,5,11,0.9546692967414856,0.9589145183563232,0.0042452216148376465,True,True
pythia-1.4b,control,draw_1,0,3,0.8866385817527771,0.8866385817527771,0.0,True,True
pythia-1.4b,control,draw_1,2,0,0.578927755355835,0.5790039300918579,7.617473602294922e-05,True,True
pythia-1.4b,control,draw_1,7,15,0.8434624671936035,0.8513945937156677,0.007932126522064209,True,True
pythia-1.4b,control,draw_1,9,1,0.4254055917263031,0.4235416650772095,-0.001863926649093628,True,True
pythia-1.4b,control,draw_1,2,5,0.9361000061035156,0.9361177086830139,1.7702579498291016e-05,True,True
pythia-1.4b,control,draw_1,4,7,0.43621528148651123,0.4570924937725067,0.020877212285995483,True,True
pythia-1.4b,control,draw_2,5,11,0.9507575035095215,0.9533970952033997,0.002639591693878174,True,True
pythia-1.4b,control,draw_2,0,3,0.888569176197052,0.888569176197052,0.0,True,True
pythia-1.4b,control,draw_2,2,0,0.5576068162918091,0.5559477210044861,-0.001659095287322998,True,True
pythia-1.4b,control,draw_2,7,15,0.8526588082313538,0.8586775064468384,0.006018698215484619,True,True
pythia-1.4b,control,draw_2,9,1,0.4147207736968994,0.4010313153266907,-0.01368945837020874,True,True
pythia-1.4b,control,draw_2,2,5,0.939440906047821,0.9468872547149658,0.007446348667144775,True,True
pythia-1.4b,control,draw_2,4,7,0.46226200461387634,0.48046746850013733,0.018205463886260986,True,True
pythia-1.4b,control,draw_3,5,11,0.9556671977043152,0.9654797315597534,0.009812533855438232,True,True
pythia-1.4b,control,draw_3,0,3,0.8914891481399536,0.8914891481399536,0.0,True,True
pythia-1.4b,control,draw_3,2,0,0.5595859885215759,0.5909743905067444,0.03138840198516846,True,True
pythia-1.4b,control,draw_3,7,15,0.8519478440284729,0.8579441905021667,0.005996346473693848,True,True
pythia-1.4b,control,draw_3,9,1,0.4334403872489929,0.4170076549053192,-0.016432732343673706,True,True
pythia-1.4b,control,draw_3,2,5,0.9359844923019409,0.9455166459083557,0.009532153606414795,True,True
pythia-1.4b,control,draw_3,4,7,0.46363091468811035,0.5083292722702026,0.044698357582092285,True,True
