method,model,band,draw,size_multiplier,n_edges,n_edges_acdc_ref,total_edges,size_fraction,n_edges_method,n_edges_acdc,n_intersection,n_union,jaccard,recall_in_acdc,recall_in_method,dice
eap_ig,pythia-70m,very_low,draw_1,0.1,38,385,1324,0.028700906344410877,38,385,38,385,0.0987012987012987,0.0987012987012987,1.0,0.17966903073286053
eap_ig,pythia-70m,very_low,draw_1,0.2,77,385,1324,0.0581570996978852,77,385,76,386,0.19689119170984457,0.1974025974025974,0.987012987012987,0.329004329004329
eap_ig,pythia-70m,very_low,draw_1,0.3,116,385,1324,0.08761329305135952,116,385,115,386,0.2979274611398964,0.2987012987012987,0.9913793103448276,0.4590818363273453
eap_ig,pythia-70m,very_low,draw_1,0.5,192,385,1324,0.14501510574018128,192,385,180,397,0.4534005037783375,0.4675324675324675,0.9375,0.6239168110918544
eap_ig,pythia-70m,very_low,draw_1,0.75,289,385,1324,0.21827794561933533,289,385,251,423,0.5933806146572104,0.6519480519480519,0.8685121107266436,0.744807121661721
eap_ig,pythia-70m,very_low,draw_1,1.0,385,385,1324,0.290785498489426,385,385,294,476,0.6176470588235294,0.7636363636363637,0.7636363636363637,0.7636363636363637
eap_ig,pythia-70m,very_low,draw_1,1.5,578,385,1324,0.43655589123867067,578,385,341,622,0.5482315112540193,0.8857142857142857,0.5899653979238755,0.7082035306334372
eap_ig,pythia-70m,very_low,draw_1,2.0,770,385,1324,0.581570996978852,770,385,365,790,0.4620253164556962,0.948051948051948,0.474025974025974,0.6320346320346321
eap_ig,pythia-70m,very_low,draw_1,3.0,1155,385,1324,0.872356495468278,1155,385,382,1158,0.3298791018998273,0.9922077922077922,0.3307359307359307,0.4961038961038961
eap_ig,pythia-70m,very_low,draw_1,5.0,1324,385,1324,1.0,1324,385,385,1324,0.290785498489426,1.0,0.290785498489426,0.4505558806319485
eap_ig,pythia-70m,very_low,draw_2,0.1,38,385,1324,0.028700906344410877,38,385,38,385,0.0987012987012987,0.0987012987012987,1.0,0.17966903073286053
eap_ig,pythia-70m,very_low,draw_2,0.2,77,385,1324,0.0581570996978852,77,385,76,386,0.19689119170984457,0.1974025974025974,0.987012987012987,0.329004329004329
eap_ig,pythia-70m,very_low,draw_2,0.3,116,385,1324,0.08761329305135952,116,385,112,389,0.2879177377892031,0.2909090909090909,0.9655172413793104,0.4471057884231537
eap_ig,pythia-70m,very_low,draw_2,0.5,192,385,1324,0.14501510574018128,192,385,182,395,0.4607594936708861,0.4727272727272727,0.9479166666666666,0.6308492201039861
eap_ig,pythia-70m,very_low,draw_2,0.75,289,385,1324,0.21827794561933533,289,385,242,432,0.5601851851851852,0.6285714285714286,0.8373702422145328,0.7181008902077152
eap_ig,pythia-70m,very_low,draw_2,1.0,385,385,1324,0.290785498489426,385,385,290,480,0.6041666666666666,0.7532467532467533,0.7532467532467533,0.7532467532467533
eap_ig,pythia-70m,very_low,draw_2,1.5,578,385,1324,0.43655589123867067,578,385,347,616,0.5633116883116883,0.9012987012987013,0.6003460207612457,0.7206645898234684
eap_ig,pythia-70m,very_low,draw_2,2.0,770,385,1324,0.581570996978852,770,385,367,788,0.46573604060913704,0.9532467532467532,0.4766233766233766,0.6354978354978355
eap_ig,pythia-70m,very_low,draw_2,3.0,1155,385,1324,0.872356495468278,1155,385,384,1156,0.33217993079584773,0.9974025974025974,0.33246753246753247,0.4987012987012987
eap_ig,pythia-70m,very_low,draw_2,5.0,1324,385,1324,1.0,1324,385,385,1324,0.290785498489426,1.0,0.290785498489426,0.4505558806319485
eap_ig,pythia-70m,very_low,draw_3,0.1,38,378,1324,0.028700906344410877,38,378,38,378,0.10052910052910052,0.10052910052910052,1.0,0.18269230769230768
eap_ig,pythia-70m,very_low,draw_3,0.2,76,378,1324,0.05740181268882175,76,378,75,379,0.19788918205804748,0.1984126984126984,0.9868421052631579,0.3303964757709251
eap_ig,pythia-70m,very_low,draw_3,0.3,113,378,1324,0.08534743202416918,113,378,111,380,0.29210526315789476,0.29365079365079366,0.9823008849557522,0.45213849287169044
eap_ig,pythia-70m,very_low,draw_3,0.5,189,378,1324,0.14274924471299094,189,378,178,389,0.45758354755784064,0.4708994708994709,0.9417989417989417,0.6278659611992945
eap_ig,pythia-70m,very_low,draw_3,0.75,284,378,1324,0.21450151057401812,284,378,246,416,0.5913461538461539,0.6507936507936508,0.8661971830985915,0.743202416918429
eap_ig,pythia-70m,very_low,draw_3,1.0,378,378,1324,0.2854984894259819,378,378,289,467,0.6188436830835118,0.7645502645502645,0.7645502645502645,0.7645502645502645
eap_ig,pythia-70m,very_low,draw_3,1.5,567,378,1324,0.4282477341389728,567,378,333,612,0.5441176470588235,0.8809523809523809,0.5873015873015873,0.7047619047619048
eap_ig,pythia-70m,very_low,draw_3,2.0,756,378,1324,0.5709969788519638,756,378,355,779,0.4557124518613607,0.9391534391534392,0.4695767195767196,0.6261022927689595
eap_ig,pythia-70m,very_low,draw_3,3.0,1134,378,1324,0.8564954682779456,1134,378,373,1139,0.32748024582967517,0.9867724867724867,0.3289241622574956,0.4933862433862434
eap_ig,pythia-70m,very_low,draw_3,5.0,1324,378,1324,1.0,1324,378,378,1324,0.2854984894259819,1.0,0.2854984894259819,0.44418331374853115
eap_ig,pythia-160m,very_low,draw_1,0.1,128,1278,11467,0.011162466207377693,128,1278,118,1288,0.09161490683229814,0.09233176838810642,0.921875,0.1678520625889047
eap_ig,pythia-160m,very_low,draw_1,0.2,256,1278,11467,0.022324932414755385,256,1278,228,1306,0.17457886676875958,0.1784037558685446,0.890625,0.29726205997392435
eap_ig,pythia-160m,very_low,draw_1,0.3,383,1278,11467,0.03340019185488794,383,1278,323,1338,0.2414050822122571,0.25273865414710484,0.8433420365535248,0.3889223359422035
eap_ig,pythia-160m,very_low,draw_1,0.5,639,1278,11467,0.05572512426964332,639,1278,497,1420,0.35,0.3888888888888889,0.7777777777777778,0.5185185185185185
eap_ig,pythia-160m,very_low,draw_1,0.75,958,1278,11467,0.08354408302084242,958,1278,642,1594,0.4027603513174404,0.5023474178403756,0.6701461377870563,0.5742397137745975
eap_ig,pythia-160m,very_low,draw_1,1.0,1278,1278,11467,0.11145024853928664,1278,1278,769,1787,0.4303301622831561,0.6017214397496088,0.6017214397496088,0.6017214397496088
eap_ig,pythia-160m,very_low,draw_1,1.5,1917,1278,11467,0.16717537280892997,1917,1278,926,2269,0.4081092992507713,0.7245696400625978,0.48304642670839854,0.5796557120500783
eap_ig,pythia-160m,very_low,draw_1,2.0,2556,1278,11467,0.2229004970785733,2556,1278,1056,2778,0.3801295896328294,0.8262910798122066,0.4131455399061033,0.5508607198748043
eap_ig,pythia-160m,very_low,draw_1,3.0,3834,1278,11467,0.33435074561785993,3834,1278,1164,3948,0.2948328267477204,0.9107981220657277,0.30359937402190923,0.45539906103286387
eap_ig,pythia-160m,very_low,draw_1,5.0,6390,1278,11467,0.5572512426964332,6390,1278,1253,6415,0.19532346063912703,0.9804381846635368,0.19608763693270737,0.3268127282211789
eap_ig,pythia-160m,very_low,draw_2,0.1,133,1334,11467,0.011598500043603384,133,1334,126,1341,0.09395973154362416,0.0944527736131934,0.9473684210526315,0.17177914110429449
eap_ig,pythia-160m,very_low,draw_2,0.2,267,1334,11467,0.023284206854451907,267,1334,239,1362,0.17547723935389134,0.17916041979010494,0.8951310861423221,0.2985633978763273
eap_ig,pythia-160m,very_low,draw_2,0.3,400,1334,11467,0.03488270689805529,400,1334,345,1389,0.24838012958963282,0.25862068965517243,0.8625,0.39792387543252594
eap_ig,pythia-160m,very_low,draw_2,0.5,667,1334,11467,0.058166913752507196,667,1334,514,1487,0.3456624075319435,0.3853073463268366,0.7706146926536732,0.5137431284357821
eap_ig,pythia-160m,very_low,draw_2,0.75,1000,1334,11467,0.08720676724513822,1000,1334,683,1651,0.4136886735311932,0.5119940029985007,0.683,0.585261353898886
eap_ig,pythia-160m,very_low,draw_2,1.0,1334,1334,11467,0.11633382750501439,1334,1334,804,1864,0.4313304721030043,0.6026986506746627,0.6026986506746627,0.6026986506746627
eap_ig,pythia-160m,very_low,draw_2,1.5,2001,1334,11467,0.17450074125752157,2001,1334,1006,2329,0.43194504079003865,0.7541229385307346,0.5027486256871564,0.6032983508245877
eap_ig,pythia-160m,very_low,draw_2,2.0,2668,1334,11467,0.23266765501002878,2668,1334,1114,2888,0.38573407202216065,0.8350824587706147,0.41754122938530736,0.5567216391804098
eap_ig,pythia-160m,very_low,draw_2,3.0,4002,1334,11467,0.34900148251504315,4002,1334,1227,4109,0.29861280116816746,0.9197901049475262,0.3065967016491754,0.4598950524737631
eap_ig,pythia-160m,very_low,draw_2,5.0,6670,1334,11467,0.581669137525072,6670,1334,1304,6700,0.19462686567164178,0.9775112443778111,0.19550224887556222,0.3258370814592704
eap_ig,pythia-160m,very_low,draw_3,0.1,132,1323,11467,0.011511293276358246,132,1323,124,1331,0.09316303531179564,0.09372637944066516,0.9393939393939394,0.170446735395189
eap_ig,pythia-160m,very_low,draw_3,0.2,265,1323,11467,0.02310979331996163,265,1323,239,1349,0.1771682727946627,0.18065003779289493,0.9018867924528302,0.30100755667506296
eap_ig,pythia-160m,very_low,draw_3,0.3,397,1323,11467,0.03462108659631988,397,1323,334,1386,0.240981240981241,0.25245653817082386,0.8413098236775819,0.3883720930232558
eap_ig,pythia-160m,very_low,draw_3,0.5,662,1323,11467,0.0577308799162815,662,1323,505,1480,0.34121621621621623,0.381708238851096,0.7628398791540786,0.5088161209068011
eap_ig,pythia-160m,very_low,draw_3,0.75,992,1323,11467,0.08650911310717711,992,1323,657,1658,0.3962605548854041,0.4965986394557823,0.6622983870967742,0.5676025917926566
eap_ig,pythia-160m,very_low,draw_3,1.0,1323,1323,11467,0.11537455306531787,1323,1323,800,1846,0.4333694474539545,0.6046863189720333,0.6046863189720333,0.6046863189720333
eap_ig,pythia-160m,very_low,draw_3,1.5,1984,1323,11467,0.17301822621435423,1984,1323,960,2347,0.4090328078397955,0.7256235827664399,0.4838709677419355,0.5805866344118537
eap_ig,pythia-160m,very_low,draw_3,2.0,2646,1323,11467,0.23074910613063573,2646,1323,1082,2887,0.3747835122965016,0.817838246409675,0.4089191232048375,0.54522549760645
eap_ig,pythia-160m,very_low,draw_3,3.0,3969,1323,11467,0.3461236591959536,3969,1323,1210,4082,0.2964233219010289,0.9145880574452003,0.30486268581506676,0.45729402872260017
eap_ig,pythia-160m,very_low,draw_3,5.0,6615,1323,11467,0.5768727653265894,6615,1323,1289,6649,0.1938637389081065,0.9743008314436886,0.19486016628873773,0.32476694381456284
eap_ig,pythia-410m,very_low,draw_1,0.1,374,3742,80581,0.004641292612402427,374,3742,327,3789,0.08630245447347586,0.08738642437199359,0.8743315508021391,0.1588921282798834
eap_ig,pythia-410m,very_low,draw_1,0.2,748,3742,80581,0.009282585224804855,748,3742,582,3908,0.1489252814738997,0.15553180117584178,0.7780748663101604,0.2592427616926503
eap_ig,pythia-410m,very_low,draw_1,0.3,1123,3742,80581,0.013936287710502477,1123,3742,813,4052,0.2006416584402764,0.21726349545697488,0.723953695458593,0.334224049331963
eap_ig,pythia-410m,very_low,draw_1,0.5,1871,3742,80581,0.02321887293530733,1871,3742,1176,4437,0.2650439486139283,0.31427044361304113,0.6285408872260823,0.41902725815072156
eap_ig,pythia-410m,very_low,draw_1,0.75,2806,3742,80581,0.0348221044663134,2806,3742,1537,5011,0.30672520454999,0.4107429182255478,0.5477548111190307,0.469456322541234
eap_ig,pythia-410m,very_low,draw_1,1.0,3742,3742,80581,0.04643774587061466,3742,3742,1867,5617,0.332383834787253,0.4989310529128808,0.4989310529128808,0.4989310529128808
eap_ig,pythia-410m,very_low,draw_1,1.5,5613,3742,80581,0.06965661880592199,5613,3742,2340,7015,0.33357091945830364,0.6253340459647247,0.4168893639764832,0.5002672367717798
eap_ig,pythia-410m,very_low,draw_1,2.0,7484,3742,80581,0.09287549174122932,7484,3742,2671,8555,0.31221507890122735,0.7137894174238375,0.35689470871191875,0.4758596116158917
eap_ig,pythia-410m,very_low,draw_1,3.0,11226,3742,80581,0.13931323761184397,11226,3742,3098,11870,0.2609941027801179,0.8278995189738108,0.2759665063246036,0.4139497594869054
eap_ig,pythia-410m,very_low,draw_1,5.0,18710,3742,80581,0.2321887293530733,18710,3742,3444,19008,0.18118686868686867,0.9203634420096205,0.18407268840192412,0.3067878140032068
eap_ig,pythia-410m,very_low,draw_2,0.1,382,3819,80581,0.004740571598763977,382,3819,332,3869,0.08581028689583872,0.0869337522911757,0.8691099476439791,0.15805760533206378
eap_ig,pythia-410m,very_low,draw_2,0.2,764,3819,80581,0.009481143197527953,764,3819,596,3987,0.14948582894406823,0.15606179628174915,0.7801047120418848,0.2600916430285839
eap_ig,pythia-410m,very_low,draw_2,0.3,1146,3819,80581,0.01422171479629193,1146,3819,827,4138,0.19985500241662638,0.21654883477350093,0.7216404886561955,0.33313192346424975
eap_ig,pythia-410m,very_low,draw_2,0.5,1910,3819,80581,0.023702857993819885,1910,3819,1218,4511,0.27000665041010863,0.31893165750196384,0.6376963350785341,0.4252050968755455
eap_ig,pythia-410m,very_low,draw_2,0.75,2864,3819,80581,0.03554187711743463,2864,3819,1589,5094,0.31193561052218294,0.4160775072008379,0.55481843575419,0.47553493939847374
eap_ig,pythia-410m,very_low,draw_2,1.0,3819,3819,80581,0.04739330611434457,3819,3819,1902,5736,0.33158995815899583,0.49803613511390415,0.49803613511390415,0.49803613511390415
eap_ig,pythia-410m,very_low,draw_2,1.5,5728,3819,80581,0.07108375423486926,5728,3819,2393,7154,0.3344981828347777,0.6266038229903116,0.4177723463687151,0.5013093118257044
eap_ig,pythia-410m,very_low,draw_2,2.0,7638,3819,80581,0.09478661222868914,7638,3819,2726,8731,0.3122208223571183,0.7137994239329667,0.35689971196648335,0.47586628262197783
eap_ig,pythia-410m,very_low,draw_2,3.0,11457,3819,80581,0.14217991834303373,11457,3819,3143,12133,0.2590455781752246,0.8229903115998952,0.27433010386663176,0.4114951557999476
eap_ig,pythia-410m,very_low,draw_2,5.0,19095,3819,80581,0.23696653057172287,19095,3819,3492,19422,0.17979610750695088,0.9143754909662215,0.1828750981932443,0.30479183032207385
eap_ig,pythia-410m,very_low,draw_3,0.1,374,3739,80581,0.004641292612402427,374,3739,329,3784,0.08694503171247357,0.08799144156191495,0.8796791443850267,0.1599805494772672
eap_ig,pythia-410m,very_low,draw_3,0.2,748,3739,80581,0.009282585224804855,748,3739,596,3891,0.1531739912618864,0.15940090933404655,0.7967914438502673,0.26565634053933584
eap_ig,pythia-410m,very_low,draw_3,0.3,1122,3739,80581,0.013923877837207282,1122,3739,848,4013,0.21131323199601296,0.22679860925381118,0.7557932263814616,0.3488994034149352
eap_ig,pythia-410m,very_low,draw_3,0.5,1870,3739,80581,0.02320646306201214,1870,3739,1228,4381,0.2803013010728144,0.32843006151377374,0.6566844919786097,0.4378677126047424
eap_ig,pythia-410m,very_low,draw_3,0.75,2804,3739,80581,0.034797284719723015,2804,3739,1585,4958,0.31968535699878986,0.423910136400107,0.5652639087018545,0.48448723826990675
eap_ig,pythia-410m,very_low,draw_3,1.0,3739,3739,80581,0.04640051625072908,3739,3739,1909,5569,0.3427904471179745,0.5105643220112329,0.5105643220112329,0.5105643220112329
eap_ig,pythia-410m,very_low,draw_3,1.5,5608,3739,80581,0.06959456943944603,5608,3739,2354,6993,0.33662233662233665,0.6295801016314523,0.4197574893009986,0.5036910238579223
eap_ig,pythia-410m,very_low,draw_3,2.0,7478,3739,80581,0.09280103250145816,7478,3739,2669,8548,0.3122367805334581,0.713827226531158,0.356913613265579,0.47588481768743873
eap_ig,pythia-410m,very_low,draw_3,3.0,11217,3739,80581,0.13920154875218724,11217,3739,3053,11903,0.25648996051415607,0.8165284835517518,0.27217616118391724,0.4082642417758759
eap_ig,pythia-410m,very_low,draw_3,5.0,18695,3739,80581,0.2320025812536454,18695,3739,3418,19016,0.1797433740008414,0.9141481679593474,0.1828296335918695,0.30471605598644913
eap_ig,pythia-1b,very_low,draw_1,0.1,94,940,10009,0.009391547607153562,94,940,84,950,0.08842105263157894,0.08936170212765958,0.8936170212765957,0.16247582205029013
eap_ig,pythia-1b,very_low,draw_1,0.2,188,940,10009,0.018783095214307124,188,940,157,971,0.16168898043254376,0.16702127659574467,0.8351063829787234,0.2783687943262411
eap_ig,pythia-1b,very_low,draw_1,0.3,282,940,10009,0.028174642821460684,282,940,215,1007,0.2135054617676266,0.22872340425531915,0.7624113475177305,0.3518821603927987
eap_ig,pythia-1b,very_low,draw_1,0.5,470,940,10009,0.04695773803576781,470,940,324,1086,0.2983425414364641,0.3446808510638298,0.6893617021276596,0.4595744680851064
eap_ig,pythia-1b,very_low,draw_1,0.75,705,940,10009,0.07043660705365172,705,940,437,1208,0.3617549668874172,0.4648936170212766,0.6198581560283688,0.5313069908814589
eap_ig,pythia-1b,very_low,draw_1,1.0,940,940,10009,0.09391547607153562,940,940,512,1368,0.3742690058479532,0.5446808510638298,0.5446808510638298,0.5446808510638298
eap_ig,pythia-1b,very_low,draw_1,1.5,1410,940,10009,0.14087321410730344,1410,940,628,1722,0.36469221835075494,0.6680851063829787,0.4453900709219858,0.534468085106383
eap_ig,pythia-1b,very_low,draw_1,2.0,1880,940,10009,0.18783095214307124,1880,940,709,2111,0.3358597820937944,0.7542553191489362,0.3771276595744681,0.5028368794326241
eap_ig,pythia-1b,very_low,draw_1,3.0,2820,940,10009,0.2817464282146069,2820,940,814,2946,0.27630685675492195,0.8659574468085106,0.2886524822695035,0.4329787234042553
eap_ig,pythia-1b,very_low,draw_1,5.0,4700,940,10009,0.4695773803576781,4700,940,893,4747,0.18811881188118812,0.95,0.19,0.31666666666666665
eap_ig,pythia-1b,very_low,draw_2,0.1,91,911,10009,0.009091817364372066,91,911,80,922,0.08676789587852494,0.08781558726673985,0.8791208791208791,0.1596806387225549
eap_ig,pythia-1b,very_low,draw_2,0.2,182,911,10009,0.01818363472874413,182,911,144,949,0.1517386722866175,0.15806805708013172,0.7912087912087912,0.26349496797804206
eap_ig,pythia-1b,very_low,draw_2,0.3,273,911,10009,0.027275452093116194,273,911,202,982,0.20570264765784113,0.2217343578485181,0.73992673992674,0.34121621621621623
eap_ig,pythia-1b,very_low,draw_2,0.5,456,911,10009,0.04555899690278749,456,911,299,1068,0.2799625468164794,0.32821075740944017,0.6557017543859649,0.43745427944403803
eap_ig,pythia-1b,very_low,draw_2,0.75,683,911,10009,0.06823858527325408,683,911,408,1186,0.3440134907251265,0.4478594950603732,0.5973645680819912,0.5119196988707654
eap_ig,pythia-1b,very_low,draw_2,1.0,911,911,10009,0.09101808372464781,911,911,485,1337,0.36275243081525804,0.5323819978046103,0.5323819978046103,0.5323819978046103
eap_ig,pythia-1b,very_low,draw_2,1.5,1366,911,10009,0.13647717054650815,1366,911,610,1667,0.3659268146370726,0.6695938529088913,0.4465592972181552,0.5357927097057532
eap_ig,pythia-1b,very_low,draw_2,2.0,1822,911,10009,0.18203616744929563,1822,911,689,2044,0.33708414872798437,0.756311745334797,0.3781558726673985,0.5042078302231979
eap_ig,pythia-1b,very_low,draw_2,3.0,2733,911,10009,0.27305425117394344,2733,911,790,2854,0.27680448493342674,0.867178924259056,0.2890596414196853,0.433589462129528
eap_ig,pythia-1b,very_low,draw_2,5.0,4555,911,10009,0.45509041862323907,4555,911,867,4599,0.18851924331376385,0.9517014270032931,0.19034028540065862,0.3172338090010977
eap_ig,pythia-1b,very_low,draw_3,0.1,92,922,10009,0.00919172744529923,92,922,86,928,0.09267241379310345,0.09327548806941431,0.9347826086956522,0.16962524654832348
eap_ig,pythia-1b,very_low,draw_3,0.2,184,922,10009,0.01838345489059846,184,922,157,949,0.1654373024236038,0.1702819956616052,0.8532608695652174,0.28390596745027125
eap_ig,pythia-1b,very_low,draw_3,0.3,277,922,10009,0.027675092416824858,277,922,223,976,0.22848360655737704,0.2418655097613883,0.8050541516245487,0.371976647206005
eap_ig,pythia-1b,very_low,draw_3,0.5,461,922,10009,0.04605854730742332,461,922,326,1057,0.30842005676442763,0.35357917570498915,0.7071583514099783,0.47143890093998553
eap_ig,pythia-1b,very_low,draw_3,0.75,692,922,10009,0.06913777600159857,692,922,446,1168,0.3818493150684932,0.4837310195227766,0.6445086705202312,0.5526641883519207
eap_ig,pythia-1b,very_low,draw_3,1.0,922,922,10009,0.09211709461484664,922,922,528,1316,0.4012158054711246,0.5726681127982647,0.5726681127982647,0.5726681127982647
eap_ig,pythia-1b,very_low,draw_3,1.5,1383,922,10009,0.13817564192226997,1383,922,644,1661,0.3877182420228778,0.6984815618221258,0.4656543745480839,0.5587852494577007
eap_ig,pythia-1b,very_low,draw_3,2.0,1844,922,10009,0.18423418922969328,1844,922,723,2043,0.35389133627019087,0.7841648590021691,0.3920824295010846,0.5227765726681128
eap_ig,pythia-1b,very_low,draw_3,3.0,2766,922,10009,0.27635128384453994,2766,922,819,2869,0.2854653189264552,0.8882863340563991,0.2960954446854664,0.44414316702819956
eap_ig,pythia-1b,very_low,draw_3,5.0,4610,922,10009,0.4605854730742332,4610,922,886,4646,0.19070167886353853,0.9609544468546638,0.19219088937093276,0.3203181489515546
eap_ig,pythia-1.4b,very_low,draw_1,0.1,226,2265,80581,0.0028046313647137663,226,2265,182,2309,0.07882200086617583,0.08035320088300221,0.8053097345132744,0.14612605379365717
eap_ig,pythia-1.4b,very_low,draw_1,0.2,453,2265,80581,0.005621672602722726,453,2265,328,2390,0.13723849372384936,0.14481236203090508,0.7240618101545254,0.24135393671817512
eap_ig,pythia-1.4b,very_low,draw_1,0.3,680,2265,80581,0.008438713840731686,680,2265,452,2493,0.18130766145206578,0.19955849889624724,0.6647058823529411,0.3069609507640068
eap_ig,pythia-1.4b,very_low,draw_1,0.5,1132,2265,80581,0.014047976570159219,1132,2265,666,2731,0.24386671548883193,0.29403973509933773,0.588339222614841,0.3921106858993229
eap_ig,pythia-1.4b,very_low,draw_1,0.75,1699,2265,80581,0.02108437472853402,1699,2265,882,3082,0.28617780661907855,0.3894039735099338,0.5191288993525603,0.4450050454086781
eap_ig,pythia-1.4b,very_low,draw_1,1.0,2265,2265,80581,0.028108363013613632,2265,2265,1033,3497,0.29539605376036604,0.45607064017660043,0.45607064017660043,0.45607064017660043
eap_ig,pythia-1.4b,very_low,draw_1,1.5,3398,2265,80581,0.04216874945706804,3398,2265,1274,4389,0.2902711323763955,0.5624724061810155,0.37492642731018244,0.449938195302843
eap_ig,pythia-1.4b,very_low,draw_1,2.0,4530,2265,80581,0.056216726027227264,4530,2265,1443,5352,0.26961883408071746,0.6370860927152318,0.3185430463576159,0.42472406181015454
eap_ig,pythia-1.4b,very_low,draw_1,3.0,6795,2265,80581,0.08432508904084089,6795,2265,1660,7400,0.22432432432432434,0.7328918322295805,0.24429727740986018,0.36644591611479027
eap_ig,pythia-1.4b,very_low,draw_1,5.0,11325,2265,80581,0.14054181506806815,11325,2265,1929,11661,0.1654232055569848,0.8516556291390729,0.17033112582781457,0.2838852097130243
eap_ig,pythia-1.4b,very_low,draw_2,0.1,241,2409,80581,0.002990779464141671,241,2409,193,2457,0.07855107855107855,0.08011623080116231,0.8008298755186722,0.14566037735849058
eap_ig,pythia-1.4b,very_low,draw_2,0.2,482,2409,80581,0.005981558928283342,482,2409,355,2536,0.13998422712933753,0.1473640514736405,0.7365145228215768,0.24558976132826013
eap_ig,pythia-1.4b,very_low,draw_2,0.3,723,2409,80581,0.008972338392425014,723,2409,484,2648,0.18277945619335348,0.2009132420091324,0.669432918395574,0.3090676883780332
eap_ig,pythia-1.4b,very_low,draw_2,0.5,1204,2409,80581,0.014941487447413162,1204,2409,713,2900,0.24586206896551724,0.29597343295973433,0.5921926910299004,0.3946858566288403
eap_ig,pythia-1.4b,very_low,draw_2,0.75,1807,2409,80581,0.022424641044414936,1807,2409,938,3278,0.28615009151921905,0.3893731838937318,0.5190924183729939,0.4449715370018975
eap_ig,pythia-1.4b,very_low,draw_2,1.0,2409,2409,80581,0.02989538476812152,2409,2409,1124,3694,0.3042772062804548,0.46658364466583646,0.46658364466583646,0.46658364466583646
eap_ig,pythia-1.4b,very_low,draw_2,1.5,3614,2409,80581,0.04484928208882987,3614,2409,1386,4637,0.2989001509596722,0.5753424657534246,0.3835085777531821,0.46023576290884943
eap_ig,pythia-1.4b,very_low,draw_2,2.0,4818,2409,80581,0.05979076953624304,4818,2409,1563,5664,0.2759533898305085,0.6488169364881694,0.3244084682440847,0.43254462432544627
eap_ig,pythia-1.4b,very_low,draw_2,3.0,7227,2409,80581,0.08968615430436455,7227,2409,1796,7840,0.22908163265306122,0.7455375674553757,0.24851252248512523,0.37276878372768785
eap_ig,pythia-1.4b,very_low,draw_2,5.0,12045,2409,80581,0.1494769238406076,12045,2409,2037,12417,0.1640492872674559,0.8455790784557908,0.16911581569115816,0.2818596928185969
eap_ig,pythia-1.4b,very_low,draw_3,0.1,215,2152,80581,0.002668122758466636,215,2152,172,2195,0.07835990888382688,0.07992565055762081,0.8,0.14533164343050275
eap_ig,pythia-1.4b,very_low,draw_3,0.2,430,2152,80581,0.005336245516933272,430,2152,316,2266,0.13945278022947927,0.14684014869888476,0.7348837209302326,0.2447714949651433
eap_ig,pythia-1.4b,very_low,draw_3,0.3,646,2152,80581,0.008016778148695102,646,2152,438,2360,0.18559322033898304,0.20353159851301114,0.6780185758513931,0.3130807719799857
eap_ig,pythia-1.4b,very_low,draw_3,0.5,1076,2152,80581,0.013353023665628374,1076,2152,616,2612,0.23583460949464014,0.2862453531598513,0.5724907063197026,0.38166047087980176
eap_ig,pythia-1.4b,very_low,draw_3,0.75,1614,2152,80581,0.020029535498442563,1614,2152,797,2969,0.2684405523745369,0.37035315985130113,0.49380421313506817,0.4232607541157727
eap_ig,pythia-1.4b,very_low,draw_3,1.0,2152,2152,80581,0.026706047331256748,2152,2152,959,3345,0.2866965620328849,0.44563197026022305,0.44563197026022305,0.44563197026022305
eap_ig,pythia-1.4b,very_low,draw_3,1.5,3228,2152,80581,0.040059070996885125,3228,2152,1196,4184,0.2858508604206501,0.5557620817843866,0.3705080545229244,0.4446096654275093
eap_ig,pythia-1.4b,very_low,draw_3,2.0,4304,2152,80581,0.053412094662513496,4304,2152,1348,5108,0.2638997650743931,0.6263940520446096,0.3131970260223048,0.41759603469640644
eap_ig,pythia-1.4b,very_low,draw_3,3.0,6456,2152,80581,0.08011814199377025,6456,2152,1561,7047,0.2215127004399035,0.7253717472118959,0.2417905824039653,0.36268587360594795
eap_ig,pythia-1.4b,very_low,draw_3,5.0,10760,2152,80581,0.13353023665628375,10760,2152,1805,11107,0.16251012874763662,0.8387546468401487,0.16775092936802974,0.2795848822800496
