model,draw,layer,accuracy,std
pythia-70m,draw_1,0,0.496,0.03333037023867143
pythia-70m,draw_1,1,0.4613333333333333,0.03458680259261107
pythia-70m,draw_1,2,0.4924444444444444,0.04376367511143527
pythia-70m,draw_1,3,0.49422222222222223,0.027741309394359544
pythia-70m,draw_1,4,0.5324444444444445,0.05254228162180143
pythia-70m,draw_1,5,0.504,0.014222222222222233
pythia-70m,draw_2,0,0.5297777777777778,0.03615057672473377
pythia-70m,draw_2,1,0.45866666666666667,0.01764394065891485
pythia-70m,draw_2,2,0.5306666666666666,0.03798375221194933
pythia-70m,draw_2,3,0.512888888888889,0.014222222222222216
pythia-70m,draw_2,4,0.4986666666666667,0.024082163882922773
pythia-70m,draw_2,5,0.5280000000000001,0.0033259176771323665
pythia-70m,draw_3,0,0.4782222222222222,0.040305009951127596
pythia-70m,draw_3,1,0.4444444444444445,0.017098119165930077
pythia-70m,draw_3,2,0.4924444444444444,0.010289632802480209
pythia-70m,draw_3,3,0.49422222222222223,0.017418593726458157
pythia-70m,draw_3,4,0.5048888888888889,0.023450499481374093
pythia-70m,draw_3,5,0.5253333333333334,0.02802468048077234
pythia-160m,draw_1,0,0.5724444444444444,0.03537733109712427
pythia-160m,draw_1,1,0.45955555555555555,0.02507864174162824
pythia-160m,draw_1,2,0.4746666666666667,0.018939800669033363
pythia-160m,draw_1,3,0.49866666666666665,0.02092195963722634
pythia-160m,draw_1,4,0.5057777777777777,0.029534662623708716
pythia-160m,draw_1,5,0.5359999999999999,0.0367144469832238
pythia-160m,draw_1,6,0.6026666666666667,0.030611867302617876
pythia-160m,draw_1,7,0.6213333333333334,0.011030821018658512
pythia-160m,draw_1,8,0.6293333333333333,0.01746389573723422
pythia-160m,draw_1,9,0.5742222222222223,0.01416655773378599
pythia-160m,draw_1,10,0.5706666666666667,0.01918847390659813
pythia-160m,draw_1,11,0.5955555555555556,0.015650503877030247
pythia-160m,draw_2,0,0.5582222222222222,0.018346459947155808
pythia-160m,draw_2,1,0.43644444444444447,0.027883354917969987
pythia-160m,draw_2,2,0.488,0.028858103254662995
pythia-160m,draw_2,3,0.49333333333333335,0.016390301257409604
pythia-160m,draw_2,4,0.5217777777777778,0.01959591794226543
pythia-160m,draw_2,5,0.5333333333333333,0.029880420113727303
pythia-160m,draw_2,6,0.6124444444444445,0.009490736224027846
pythia-160m,draw_2,7,0.6204444444444445,0.005333333333333368
pythia-160m,draw_2,8,0.5857777777777778,0.019352480939624224
pythia-160m,draw_2,9,0.568,0.029534662623708706
pythia-160m,draw_2,10,0.5697777777777777,0.02456937770859597
pythia-160m,draw_2,11,0.584,0.037035851832888274
pythia-160m,draw_3,0,0.5413333333333333,0.0468166900702709
pythia-160m,draw_3,1,0.4622222222222222,0.01885618083164127
pythia-160m,draw_3,2,0.46577777777777774,0.013003323411846924
pythia-160m,draw_3,3,0.45422222222222225,0.01786644554865936
pythia-160m,draw_3,4,0.5102222222222222,0.014713729206441643
pythia-160m,draw_3,5,0.5262222222222223,0.04296194123944738
pythia-160m,draw_3,6,0.5964444444444444,0.014442734941575028
pythia-160m,draw_3,7,0.6106666666666667,0.03573289109731869
pythia-160m,draw_3,8,0.5813333333333334,0.03458680259261106
pythia-160m,draw_3,9,0.568,0.041635692190685754
pythia-160m,draw_3,10,0.5324444444444445,0.015498307354811272
pythia-160m,draw_3,11,0.5866666666666667,0.016147468555186596
pythia-410m,draw_1,0,0.5377777777777778,0.02710746787907006
pythia-410m,draw_1,1,0.5128888888888888,0.02833311546757196
pythia-410m,draw_1,2,0.4453333333333333,0.023751803050466456
pythia-410m,draw_1,3,0.49866666666666665,0.023076897752439433
pythia-410m,draw_1,4,0.5164444444444445,0.024408053720437292
pythia-410m,draw_1,5,0.5537777777777778,0.015293022696964661
pythia-410m,draw_1,6,0.5128888888888888,0.02554685842346652
pythia-410m,draw_1,7,0.5502222222222223,0.03019606711371204
pythia-410m,draw_1,8,0.575111111111111,0.037035851832888274
pythia-410m,draw_1,9,0.5724444444444445,0.018303342472865775
pythia-410m,draw_1,10,0.5493333333333333,0.016049306742460245
pythia-410m,draw_1,11,0.5617777777777778,0.013655370218433084
pythia-410m,draw_1,12,0.5662222222222223,0.02733965599863057
pythia-410m,draw_1,13,0.5537777777777778,0.027911677276635682
pythia-410m,draw_1,14,0.5848888888888888,0.020386391006541698
pythia-410m,draw_1,15,0.5662222222222221,0.016534289100211787
pythia-410m,draw_1,16,0.5848888888888889,0.03595333051761186
pythia-410m,draw_1,17,0.5742222222222222,0.01648643288088127
pythia-410m,draw_1,18,0.5555555555555556,0.024665665645353985
pythia-410m,draw_1,19,0.5617777777777778,0.0267554078991865
pythia-410m,draw_1,20,0.6026666666666667,0.02690265946741612
pythia-410m,draw_1,21,0.5733333333333334,0.0056218269514104365
pythia-410m,draw_1,22,0.6071111111111112,0.006028737762778016
pythia-410m,draw_1,23,0.6471111111111112,0.027911677276635714
pythia-410m,draw_2,0,0.5591111111111111,0.02255747118302134
pythia-410m,draw_2,1,0.49511111111111106,0.013063945294843613
pythia-410m,draw_2,2,0.4533333333333333,0.03632500754080453
pythia-410m,draw_2,3,0.5235555555555556,0.026725860228218525
pythia-410m,draw_2,4,0.5128888888888888,0.01834645994715581
pythia-410m,draw_2,5,0.5226666666666666,0.030740651494738817
pythia-410m,draw_2,6,0.49777777777777776,0.03204934467079101
pythia-410m,draw_2,7,0.5431111111111111,0.02816529692045306
pythia-410m,draw_2,8,0.6,0.012570787221094195
pythia-410m,draw_2,9,0.5742222222222222,0.02844444444444446
pythia-410m,draw_2,10,0.5893333333333334,0.02444040370643113
pythia-410m,draw_2,11,0.5804444444444445,0.02151772166561813
pythia-410m,draw_2,12,0.6044444444444445,0.012252487779635751
pythia-410m,draw_2,13,0.6142222222222222,0.0259762474599155
pythia-410m,draw_2,14,0.6124444444444445,0.033068578200423616
pythia-410m,draw_2,15,0.5946666666666667,0.011725249740687033
pythia-410m,draw_2,16,0.6115555555555556,0.017236195048591394
pythia-410m,draw_2,17,0.607111111111111,0.01503247513358911
pythia-410m,draw_2,18,0.6275555555555555,0.04630761343157729
pythia-410m,draw_2,19,0.6231111111111112,0.02774130939435952
pythia-410m,draw_2,20,0.6435555555555555,0.033894535048778
pythia-410m,draw_2,21,0.6373333333333333,0.024920614700224338
pythia-410m,draw_2,22,0.6426666666666666,0.03756541619398299
pythia-410m,draw_2,23,0.6364444444444445,0.028994678098311282
pythia-410m,draw_3,0,0.528888888888889,0.028527656063788827
pythia-410m,draw_3,1,0.5288888888888889,0.036864784628138164
pythia-410m,draw_3,2,0.4533333333333333,0.04178723297259789
pythia-410m,draw_3,3,0.46311111111111114,0.017418593726458168
pythia-410m,draw_3,4,0.45155555555555554,0.025235679229472688
pythia-410m,draw_3,5,0.5333333333333334,0.02046375899239348
pythia-410m,draw_3,6,0.488,0.042294674678650016
pythia-410m,draw_3,7,0.5671111111111111,0.03285283308902456
pythia-410m,draw_3,8,0.592,0.021109941488067396
pythia-410m,draw_3,9,0.6071111111111112,0.026458446339799505
pythia-410m,draw_3,10,0.5768888888888888,0.02672586022821851
pythia-410m,draw_3,11,0.5777777777777777,0.032294937110373255
pythia-410m,draw_3,12,0.5706666666666667,0.02733965599863056
pythia-410m,draw_3,13,0.5457777777777778,0.013303670708529568
pythia-410m,draw_3,14,0.576,0.010366136701947188
pythia-410m,draw_3,15,0.5297777777777778,0.030843291685151045
pythia-410m,draw_3,16,0.5573333333333333,0.014222222222222233
pythia-410m,draw_3,17,0.5804444444444445,0.0199950611185813
pythia-410m,draw_3,18,0.5608888888888888,0.026873273702810615
pythia-410m,draw_3,19,0.5591111111111111,0.022204437327638743
pythia-410m,draw_3,20,0.5946666666666667,0.013884888312722948
pythia-410m,draw_3,21,0.5884444444444444,0.020579265604960373
pythia-410m,draw_3,22,0.5991111111111111,0.01497982181898018
pythia-410m,draw_3,23,0.6151111111111112,0.021333333333333326
pythia-1b,draw_1,0,0.5484444444444445,0.03460963970476761
pythia-1b,draw_1,1,0.5964444444444444,0.01624503722888627
pythia-1b,draw_1,2,0.5226666666666667,0.026458446339799508
pythia-1b,draw_1,3,0.5564444444444444,0.03999012223716261
pythia-1b,draw_1,4,0.5155555555555555,0.015900927839998524
pythia-1b,draw_1,5,0.5306666666666667,0.029292901428060562
pythia-1b,draw_1,6,0.6479999999999999,0.02307689775243943
pythia-1b,draw_1,7,0.6293333333333333,0.021333333333333357
pythia-1b,draw_1,8,0.6551111111111111,0.01554920505292078
pythia-1b,draw_1,9,0.6222222222222222,0.01192569587999889
pythia-1b,draw_1,10,0.624,0.012757955639473184
pythia-1b,draw_1,11,0.6177777777777778,0.027107467879070053
pythia-1b,draw_1,12,0.6488888888888888,0.02159103609153976
pythia-1b,draw_1,13,0.6426666666666667,0.02460151556106318
pythia-1b,draw_1,14,0.6542222222222221,0.03045660746490989
pythia-1b,draw_1,15,0.6844444444444444,0.03192583999300972
pythia-1b,draw_2,0,0.5537777777777778,0.009151671236432884
pythia-1b,draw_2,1,0.6577777777777778,0.02140727925118632
pythia-1b,draw_2,2,0.5351111111111111,0.014767331311854384
pythia-1b,draw_2,3,0.6106666666666667,0.0292929014280606
pythia-1b,draw_2,4,0.5422222222222222,0.03384788047050625
pythia-1b,draw_2,5,0.5511111111111111,0.03577708763999663
pythia-1b,draw_2,6,0.6648888888888889,0.025391745523707897
pythia-1b,draw_2,7,0.6479999999999999,0.0466476151587624
pythia-1b,draw_2,8,0.6711111111111112,0.030143688813890086
pythia-1b,draw_2,9,0.64,0.029481109247603547
pythia-1b,draw_2,10,0.6426666666666667,0.028193336048273274
pythia-1b,draw_2,11,0.656888888888889,0.022025798565980224
pythia-1b,draw_2,12,0.6595555555555556,0.007221367470787532
pythia-1b,draw_2,13,0.6195555555555555,0.02969474326842681
pythia-1b,draw_2,14,0.6666666666666667,0.02046375899239351
pythia-1b,draw_2,15,0.7004444444444444,0.0330924630559756
pythia-1b,draw_3,0,0.5386666666666666,0.020921959637226376
pythia-1b,draw_3,1,0.5875555555555556,0.02536060909811042
pythia-1b,draw_3,2,0.5297777777777778,0.02899467809831127
pythia-1b,draw_3,3,0.5608888888888889,0.019955506062794334
pythia-1b,draw_3,4,0.5235555555555556,0.01648643288088125
pythia-1b,draw_3,5,0.5457777777777777,0.0268732737028106
pythia-1b,draw_3,6,0.599111111111111,0.0102896328024802
pythia-1b,draw_3,7,0.6302222222222221,0.017190292982945523
pythia-1b,draw_3,8,0.6497777777777778,0.03197529910863104
pythia-1b,draw_3,9,0.607111111111111,0.006028737762778016
pythia-1b,draw_3,10,0.6231111111111112,0.037962944896111336
pythia-1b,draw_3,11,0.5982222222222222,0.040597999099268374
pythia-1b,draw_3,12,0.6151111111111112,0.04511494236604274
pythia-1b,draw_3,13,0.6106666666666667,0.036063044933512534
pythia-1b,draw_3,14,0.6702222222222223,0.03515327988139586
pythia-1b,draw_3,15,0.6675555555555556,0.03743900389093811
pythia-1.4b,draw_1,0,0.5599999999999999,0.03192583999300973
pythia-1.4b,draw_1,1,0.568,0.037227362829105645
pythia-1.4b,draw_1,2,0.47733333333333333,0.03495040578015557
pythia-1.4b,draw_1,3,0.5244444444444445,0.017098119165930067
pythia-1.4b,draw_1,4,0.5439999999999999,0.013063945294843617
pythia-1.4b,draw_1,5,0.6008888888888888,0.02731074043686614
pythia-1.4b,draw_1,6,0.5946666666666667,0.021109941488067396
pythia-1.4b,draw_1,7,0.6142222222222222,0.0248888888888889
pythia-1.4b,draw_1,8,0.6017777777777777,0.02554685842346652
pythia-1.4b,draw_1,9,0.6408888888888888,0.024729649321321896
pythia-1.4b,draw_1,10,0.6053333333333333,0.016000000000000025
pythia-1.4b,draw_1,11,0.647111111111111,0.026458446339799505
pythia-1.4b,draw_1,12,0.6373333333333333,0.03660668494573156
pythia-1.4b,draw_1,13,0.6239999999999999,0.021333333333333343
pythia-1.4b,draw_1,14,0.592,0.014713729206441654
pythia-1.4b,draw_1,15,0.5875555555555556,0.04266666666666664
pythia-1.4b,draw_1,16,0.6115555555555556,0.04165466493816883
pythia-1.4b,draw_1,17,0.6391111111111111,0.02273193218230119
pythia-1.4b,draw_1,18,0.6506666666666667,0.02241692482296622
pythia-1.4b,draw_1,19,0.6275555555555556,0.04500973831527882
pythia-1.4b,draw_1,20,0.6595555555555557,0.03829450529517871
pythia-1.4b,draw_1,21,0.6577777777777778,0.02894012550417726
pythia-1.4b,draw_1,22,0.6568888888888889,0.03412685123635992
pythia-1.4b,draw_1,23,0.6542222222222223,0.018517925916444144
pythia-1.4b,draw_2,0,0.5457777777777778,0.016245037228886275
pythia-1.4b,draw_2,1,0.6008888888888888,0.0237518030504665
pythia-1.4b,draw_2,2,0.5119999999999999,0.01624503722888629
pythia-1.4b,draw_2,3,0.5946666666666667,0.019955506062794337
pythia-1.4b,draw_2,4,0.6328888888888888,0.02378504561823937
pythia-1.4b,draw_2,5,0.6648888888888889,0.029827487529888917
pythia-1.4b,draw_2,6,0.6417777777777778,0.012122828175098539
pythia-1.4b,draw_2,7,0.6782222222222222,0.02427822272666249
pythia-1.4b,draw_2,8,0.6657777777777778,0.038273866918419525
pythia-1.4b,draw_2,9,0.671111111111111,0.02368517794573196
pythia-1.4b,draw_2,10,0.6542222222222221,0.0345868025926111
pythia-1.4b,draw_2,11,0.64,0.021591036091539766
pythia-1.4b,draw_2,12,0.6311111111111111,0.03325917677132391
pythia-1.4b,draw_2,13,0.6328888888888888,0.030352659695935768
pythia-1.4b,draw_2,14,0.5822222222222223,0.03290089870812753
pythia-1.4b,draw_2,15,0.5777777777777777,0.02529822128134702
pythia-1.4b,draw_2,16,0.616,0.027769776625445906
pythia-1.4b,draw_2,17,0.6382222222222221,0.034149995932975206
pythia-1.4b,draw_2,18,0.6524444444444445,0.02408216388292278
pythia-1.4b,draw_2,19,0.6284444444444446,0.02833311546757196
pythia-1.4b,draw_2,20,0.6915555555555557,0.017005445750852437
pythia-1.4b,draw_2,21,0.664,0.020770349236529644
pythia-1.4b,draw_2,22,0.7048888888888889,0.01653428910021181
pythia-1.4b,draw_2,23,0.7333333333333332,0.011589693164804706
pythia-1.4b,draw_3,0,0.5128888888888888,0.031123806933353954
pythia-1.4b,draw_3,1,0.584,0.015549205052920798
pythia-1.4b,draw_3,2,0.5031111111111111,0.04639284746915515
pythia-1.4b,draw_3,3,0.6106666666666667,0.018772188517282545
pythia-1.4b,draw_3,4,0.6124444444444445,0.02966812314360645
pythia-1.4b,draw_3,5,0.6577777777777778,0.036325007540804526
pythia-1.4b,draw_3,6,0.624,0.03249007445777256
pythia-1.4b,draw_3,7,0.5928888888888888,0.014222222222222204
pythia-1.4b,draw_3,8,0.6275555555555555,0.027455013709298665
pythia-1.4b,draw_3,9,0.6311111111111112,0.019270651901047816
pythia-1.4b,draw_3,10,0.6053333333333333,0.03270821243195393
pythia-1.4b,draw_3,11,0.608,0.03701451166872355
pythia-1.4b,draw_3,12,0.6355555555555557,0.05529717694220726
pythia-1.4b,draw_3,13,0.5955555555555556,0.03945305070430605
pythia-1.4b,draw_3,14,0.5831111111111111,0.03909090387074846
pythia-1.4b,draw_3,15,0.5564444444444444,0.04115853120992081
pythia-1.4b,draw_3,16,0.5831111111111111,0.02642856666189957
pythia-1.4b,draw_3,17,0.6284444444444445,0.03951308581492065
pythia-1.4b,draw_3,18,0.6595555555555557,0.03472359997266598
pythia-1.4b,draw_3,19,0.6275555555555556,0.03929250863164505
pythia-1.4b,draw_3,20,0.6666666666666667,0.046782923971344946
pythia-1.4b,draw_3,21,0.6675555555555556,0.031975299108631026
pythia-1.4b,draw_3,22,0.727111111111111,0.035287881317829714
pythia-1.4b,draw_3,23,0.6675555555555556,0.03185150731941142
